t1,key1,t2,key2,reduce,time
5000,20,5000,20,1,18128
5000,20,5000,20,2,20121
5000,20,5000,20,3,20129
5000,20,5000,20,4,22129
5000,20,5000,20,5,22121
5000,20,5000,20,6,22121
5000,20,5000,20,7,24122
5000,20,5000,20,8,24122
5000,20,5000,20,9,24116
5000,20,5000,20,10,26118
5000,20,5000,20,11,26129
5000,20,5000,20,12,26125
5000,20,5000,20,13,26118
5000,20,5000,20,14,26120
5000,20,5000,20,15,26120
5000,20,5000,20,16,28114
5000,20,5000,20,17,30119
5000,20,5000,20,18,28124
5000,20,5000,20,19,30116
5000,20,5000,20,20,30115
5000,20,5000,20,21,30117
5000,20,5000,20,22,30120
5000,20,5000,20,23,32125
5000,20,5000,20,24,32174
5000,20,5000,20,25,34127
5000,20,5000,20,26,34111
5000,20,5000,20,27,36121
5000,20,5000,20,28,34119
5000,20,5000,20,29,36129
5000,20,5000,20,30,36119
5000,20,5000,20,31,36118
5000,20,5000,20,32,36114
5000,20,5000,20,33,36126
5000,20,5000,20,34,38113
5000,20,5000,20,35,40119
5000,20,5000,20,36,38120
5000,20,5000,20,37,40129
5000,20,5000,20,38,40117
5000,20,5000,20,39,40119
5000,20,5000,20,40,40115
5000,20,10000,14,1,20116
5000,20,10000,14,2,20116
5000,20,10000,14,3,20114
5000,20,10000,14,4,22116
5000,20,10000,14,5,22114
5000,20,10000,14,6,22113
5000,20,10000,14,7,24111
5000,20,10000,14,8,24108
5000,20,10000,14,9,24108
5000,20,10000,14,10,26131
5000,20,10000,14,11,24121
5000,20,10000,14,12,26109
5000,20,10000,14,13,28108
5000,20,10000,14,14,28119
5000,20,10000,14,15,30115
5000,20,10000,14,16,28106
5000,20,10000,14,17,30101
5000,20,10000,14,18,30108
5000,20,10000,14,19,32169
5000,20,10000,14,20,30128
5000,20,10000,14,21,32117
5000,20,10000,14,22,30118
5000,20,10000,14,23,32116
5000,20,10000,14,24,32108
5000,20,10000,14,25,32109
5000,20,10000,14,26,34123
5000,20,10000,14,27,34114
5000,20,10000,14,28,36112
5000,20,10000,14,29,36113
5000,20,10000,14,30,36112
5000,20,10000,14,31,36109
5000,20,10000,14,32,38113
5000,20,10000,14,33,38112
5000,20,10000,14,34,38110
5000,20,10000,14,35,38111
5000,20,10000,14,36,38114
5000,20,10000,14,37,40118
5000,20,10000,14,38,40103
5000,20,10000,14,39,42116
5000,20,10000,14,40,42114
5000,20,15000,4,1,22118
5000,20,15000,4,2,22114
5000,20,15000,4,3,20112
5000,20,15000,4,4,22112
5000,20,15000,4,5,22113
5000,20,15000,4,6,22122
5000,20,15000,4,7,22096
5000,20,15000,4,8,24108
5000,20,15000,4,9,24115
5000,20,15000,4,10,26109
5000,20,15000,4,11,26173
5000,20,15000,4,12,26118
5000,20,15000,4,13,26122
5000,20,15000,4,14,26112
5000,20,15000,4,15,28109
5000,20,15000,4,16,28107
5000,20,15000,4,17,28108
5000,20,15000,4,18,28104
5000,20,15000,4,19,28107
5000,20,15000,4,20,32106
5000,20,15000,4,21,30113
5000,20,15000,4,22,32107
5000,20,15000,4,23,34119
5000,20,15000,4,24,32110
5000,20,15000,4,25,34119
5000,20,15000,4,26,34171
5000,20,15000,4,27,34113
5000,20,15000,4,28,34123
5000,20,15000,4,29,36110
5000,20,15000,4,30,36109
5000,20,15000,4,31,36107
5000,20,15000,4,32,36106
5000,20,15000,4,33,38103
5000,20,15000,4,34,38110
5000,20,15000,4,35,38105
5000,20,15000,4,36,38112
5000,20,15000,4,37,40106
5000,20,15000,4,38,40127
5000,20,15000,4,39,42119
5000,20,15000,4,40,40112
5000,20,20000,16,1,22112
5000,20,20000,16,2,20102
5000,20,20000,16,3,20112
5000,20,20000,16,4,24115
5000,20,20000,16,5,24113
5000,20,20000,16,6,24130
5000,20,20000,16,7,24115
5000,20,20000,16,8,24111
5000,20,20000,16,9,24118
5000,20,20000,16,10,26109
5000,20,20000,16,11,26111
5000,20,20000,16,12,26112
5000,20,20000,16,13,28104
5000,20,20000,16,14,28108
5000,20,20000,16,15,30122
5000,20,20000,16,16,30120
5000,20,20000,16,17,30114
5000,20,20000,16,18,30118
5000,20,20000,16,19,28122
5000,20,20000,16,20,32110
5000,20,20000,16,21,32116
5000,20,20000,16,22,30108
5000,20,20000,16,23,32109
5000,20,20000,16,24,32109
5000,20,20000,16,25,34108
5000,20,20000,16,26,34116
5000,20,20000,16,27,34112
5000,20,20000,16,28,34114
5000,20,20000,16,29,34113
5000,20,20000,16,30,38106
5000,20,20000,16,31,36113
5000,20,20000,16,32,36110
5000,20,20000,16,33,36107
5000,20,20000,16,34,38114
5000,20,20000,16,35,40112
5000,20,20000,16,36,38105
5000,20,20000,16,37,40116
5000,20,20000,16,38,42114
5000,20,20000,16,39,40112
5000,20,20000,16,40,40122
5000,20,25000,18,1,22104
5000,20,25000,18,2,18099
5000,20,25000,18,3,22106
5000,20,25000,18,4,22111
5000,20,25000,18,5,22117
5000,20,25000,18,6,22113
5000,20,25000,18,7,22103
5000,20,25000,18,8,24108
5000,20,25000,18,9,26172
5000,20,25000,18,10,24115
5000,20,25000,18,11,26119
5000,20,25000,18,12,26104
5000,20,25000,18,13,28110
5000,20,25000,18,14,28109
5000,20,25000,18,15,26104
5000,20,25000,18,16,30100
5000,20,25000,18,17,28168
5000,20,25000,18,18,30169
5000,20,25000,18,19,30109
5000,20,25000,18,20,30107
5000,20,25000,18,21,30110
5000,20,25000,18,22,30112
5000,20,25000,18,23,32111
5000,20,25000,18,24,32119
5000,20,25000,18,25,32117
5000,20,25000,18,26,34110
5000,20,25000,18,27,34101
5000,20,25000,18,28,36123
5000,20,25000,18,29,36115
5000,20,25000,18,30,36165
5000,20,25000,18,31,34108
5000,20,25000,18,32,36110
5000,20,25000,18,33,38103
5000,20,25000,18,34,40123
5000,20,25000,18,35,38116
5000,20,25000,18,36,40313
5000,20,25000,18,37,40175
5000,20,25000,18,38,40119
5000,20,25000,18,39,40108
5000,20,25000,18,40,40112
5000,20,30000,16,1,22108
5000,20,30000,16,2,20115
5000,20,30000,16,3,20109
5000,20,30000,16,4,22113
5000,20,30000,16,5,22109
5000,20,30000,16,6,22101
5000,20,30000,16,7,22108
5000,20,30000,16,8,24113
5000,20,30000,16,9,24115
5000,20,30000,16,10,24114
5000,20,30000,16,11,26106
5000,20,30000,16,12,28117
5000,20,30000,16,13,28107
5000,20,30000,16,14,28105
5000,20,30000,16,15,30108
5000,20,30000,16,16,30104
5000,20,30000,16,17,28104
5000,20,30000,16,18,30173
5000,20,30000,16,19,28102
5000,20,30000,16,20,30110
5000,20,30000,16,21,30106
5000,20,30000,16,22,30110
5000,20,30000,16,23,32108
5000,20,30000,16,24,34106
5000,20,30000,16,25,32121
5000,20,30000,16,26,32113
5000,20,30000,16,27,32109
5000,20,30000,16,28,36111
5000,20,30000,16,29,34113
5000,20,30000,16,30,36107
5000,20,30000,16,31,34106
5000,20,30000,16,32,38103
5000,20,30000,16,33,38107
5000,20,30000,16,34,38116
5000,20,30000,16,35,38107
5000,20,30000,16,36,40160
5000,20,30000,16,37,40171
5000,20,30000,16,38,40164
5000,20,30000,16,39,42105
5000,20,30000,16,40,40116
5000,20,35000,23,1,24110
5000,20,35000,23,2,18118
5000,20,35000,23,3,20111
5000,20,35000,23,4,22156
5000,20,35000,23,5,24109
5000,20,35000,23,6,22110
5000,20,35000,23,7,24112
5000,20,35000,23,8,24115
5000,20,35000,23,9,24106
5000,20,35000,23,10,26112
5000,20,35000,23,11,24113
5000,20,35000,23,12,26116
5000,20,35000,23,13,28170
5000,20,35000,23,14,28108
5000,20,35000,23,15,28110
5000,20,35000,23,16,28105
5000,20,35000,23,17,28105
5000,20,35000,23,18,28112
5000,20,35000,23,19,30104
5000,20,35000,23,20,32099
5000,20,35000,23,21,30109
5000,20,35000,23,22,32099
5000,20,35000,23,23,32122
5000,20,35000,23,24,32112
5000,20,35000,23,25,34112
5000,20,35000,23,26,34120
5000,20,35000,23,27,34104
5000,20,35000,23,28,36177
5000,20,35000,23,29,36107
5000,20,35000,23,30,38099
5000,20,35000,23,31,36111
5000,20,35000,23,32,36110
5000,20,35000,23,33,38127
5000,20,35000,23,34,40115
5000,20,35000,23,35,38111
5000,20,35000,23,36,40108
5000,20,35000,23,37,40109
5000,20,35000,23,38,40115
5000,20,35000,23,39,40113
5000,20,35000,23,40,40107
5000,20,40000,22,1,22107
5000,20,40000,22,2,22112
5000,20,40000,22,3,20110
5000,20,40000,22,4,22108
5000,20,40000,22,5,24110
5000,20,40000,22,6,24113
5000,20,40000,22,7,24117
5000,20,40000,22,8,24104
5000,20,40000,22,9,24111
5000,20,40000,22,10,24110
5000,20,40000,22,11,26114
5000,20,40000,22,12,28107
5000,20,40000,22,13,26110
5000,20,40000,22,14,28113
5000,20,40000,22,15,28107
5000,20,40000,22,16,30099
5000,20,40000,22,17,32103
5000,20,40000,22,18,30105
5000,20,40000,22,19,32115
5000,20,40000,22,20,32114
5000,20,40000,22,21,32117
5000,20,40000,22,22,34108
5000,20,40000,22,23,32107
5000,20,40000,22,24,34115
5000,20,40000,22,25,34112
5000,20,40000,22,26,34107
5000,20,40000,22,27,36115
5000,20,40000,22,28,34106
5000,20,40000,22,29,34113
5000,20,40000,22,30,36110
5000,20,40000,22,31,38119
5000,20,40000,22,32,38112
5000,20,40000,22,33,38110
5000,20,40000,22,34,40108
5000,20,40000,22,35,38106
5000,20,40000,22,36,40165
5000,20,40000,22,37,40173
5000,20,40000,22,38,42108
5000,20,40000,22,39,42113
5000,20,40000,22,40,42110
5000,20,45000,6,1,24103
5000,20,45000,6,2,24123
5000,20,45000,6,3,22110
5000,20,45000,6,4,22108
5000,20,45000,6,5,22117
5000,20,45000,6,6,24109
5000,20,45000,6,7,22110
5000,20,45000,6,8,24106
5000,20,45000,6,9,26109
5000,20,45000,6,10,24109
5000,20,45000,6,11,24124
5000,20,45000,6,12,26107
5000,20,45000,6,13,26116
5000,20,45000,6,14,26101
5000,20,45000,6,15,30109
5000,20,45000,6,16,28109
5000,20,45000,6,17,30104
5000,20,45000,6,18,28118
5000,20,45000,6,19,32114
5000,20,45000,6,20,30100
5000,20,45000,6,21,30102
5000,20,45000,6,22,32099
5000,20,45000,6,23,32108
5000,20,45000,6,24,34115
5000,20,45000,6,25,34105
5000,20,45000,6,26,34166
5000,20,45000,6,27,34110
5000,20,45000,6,28,34104
5000,20,45000,6,29,36103
5000,20,45000,6,30,36105
5000,20,45000,6,31,36104
5000,20,45000,6,32,38113
5000,20,45000,6,33,38111
5000,20,45000,6,34,38111
5000,20,45000,6,35,36121
5000,20,45000,6,36,38113
5000,20,45000,6,37,40112
5000,20,45000,6,38,40106
5000,20,45000,6,39,40114
5000,20,45000,6,40,40102
5000,20,50000,6,1,24099
5000,20,50000,6,2,24162
5000,20,50000,6,3,22113
5000,20,50000,6,4,22103
5000,20,50000,6,5,22105
5000,20,50000,6,6,24107
5000,20,50000,6,7,24109
5000,20,50000,6,8,22117
5000,20,50000,6,9,24166
5000,20,50000,6,10,26108
5000,20,50000,6,11,26107
5000,20,50000,6,12,28120
5000,20,50000,6,13,26121
5000,20,50000,6,14,26110
5000,20,50000,6,15,26114
5000,20,50000,6,16,28144
5000,20,50000,6,17,28109
5000,20,50000,6,18,30101
5000,20,50000,6,19,30115
5000,20,50000,6,20,32108
5000,20,50000,6,21,30112
5000,20,50000,6,22,32103
5000,20,50000,6,23,32124
5000,20,50000,6,24,32107
5000,20,50000,6,25,34108
5000,20,50000,6,26,34116
5000,20,50000,6,27,34105
5000,20,50000,6,28,34112
5000,20,50000,6,29,36105
5000,20,50000,6,30,36115
5000,20,50000,6,31,36109
5000,20,50000,6,32,38106
5000,20,50000,6,33,38112
5000,20,50000,6,34,38107
5000,20,50000,6,35,38105
5000,20,50000,6,36,40093
5000,20,50000,6,37,40166
5000,20,50000,6,38,40121
5000,20,50000,6,39,40106
5000,20,50000,6,40,40119
5000,20,55000,14,1,26108
5000,20,55000,14,2,22106
5000,20,55000,14,3,22112
5000,20,55000,14,4,24104
5000,20,55000,14,5,22121
5000,20,55000,14,6,22107
5000,20,55000,14,7,24099
5000,20,55000,14,8,24109
5000,20,55000,14,9,24093
5000,20,55000,14,10,26097
5000,20,55000,14,11,26104
5000,20,55000,14,12,26162
5000,20,55000,14,13,28111
5000,20,55000,14,14,28113
5000,20,55000,14,15,28100
5000,20,55000,14,16,28108
5000,20,55000,14,17,30108
5000,20,55000,14,18,30103
5000,20,55000,14,19,30103
5000,20,55000,14,20,32110
5000,20,55000,14,21,32121
5000,20,55000,14,22,32116
5000,20,55000,14,23,32110
5000,20,55000,14,24,34102
5000,20,55000,14,25,34112
5000,20,55000,14,26,34119
5000,20,55000,14,27,36110
5000,20,55000,14,28,34107
5000,20,55000,14,29,36110
5000,20,55000,14,30,36102
5000,20,55000,14,31,38120
5000,20,55000,14,32,38109
5000,20,55000,14,33,38167
5000,20,55000,14,34,38117
5000,20,55000,14,35,40106
5000,20,55000,14,36,40113
5000,20,55000,14,37,38105
5000,20,55000,14,38,40124
5000,20,55000,14,39,42096
5000,20,55000,14,40,42113
5000,20,60000,3,1,26107
5000,20,60000,3,2,26103
5000,20,60000,3,3,24103
5000,20,60000,3,4,24123
5000,20,60000,3,5,24112
5000,20,60000,3,6,24109
5000,20,60000,3,7,24114
5000,20,60000,3,8,24103
5000,20,60000,3,9,24099
5000,20,60000,3,10,24113
5000,20,60000,3,11,26191
5000,20,60000,3,12,26106
5000,20,60000,3,13,28107
5000,20,60000,3,14,26105
5000,20,60000,3,15,30098
5000,20,60000,3,16,28107
5000,20,60000,3,17,28105
5000,20,60000,3,18,28108
5000,20,60000,3,19,30104
5000,20,60000,3,20,30112
5000,20,60000,3,21,32115
5000,20,60000,3,22,30118
5000,20,60000,3,23,30103
5000,20,60000,3,24,32105
5000,20,60000,3,25,34112
5000,20,60000,3,26,36116
5000,20,60000,3,27,34109
5000,20,60000,3,28,34125
5000,20,60000,3,29,36106
5000,20,60000,3,30,36111
5000,20,60000,3,31,38118
5000,20,60000,3,32,38107
5000,20,60000,3,33,38116
5000,20,60000,3,34,38107
5000,20,60000,3,35,38104
5000,20,60000,3,36,40116
5000,20,60000,3,37,40106
5000,20,60000,3,38,40110
5000,20,60000,3,39,40102
5000,20,60000,3,40,40107
5000,20,65000,16,1,28104
5000,20,65000,16,2,22110
5000,20,65000,16,3,24104
5000,20,65000,16,4,24112
5000,20,65000,16,5,24117
5000,20,65000,16,6,24106
5000,20,65000,16,7,24119
5000,20,65000,16,8,26111
5000,20,65000,16,9,26109
5000,20,65000,16,10,28168
5000,20,65000,16,11,26120
5000,20,65000,16,12,28109
5000,20,65000,16,13,28110
5000,20,65000,16,14,28109
5000,20,65000,16,15,28119
5000,20,65000,16,16,30103
5000,20,65000,16,17,28115
5000,20,65000,16,18,30115
5000,20,65000,16,19,32115
5000,20,65000,16,20,32682
5000,20,65000,16,21,32108
5000,20,65000,16,22,32107
5000,20,65000,16,23,34116
5000,20,65000,16,24,34106
5000,20,65000,16,25,34118
5000,20,65000,16,26,34117
5000,20,65000,16,27,34903
5000,20,65000,16,28,36105
5000,20,65000,16,29,36113
5000,20,65000,16,30,38107
5000,20,65000,16,31,36106
5000,20,65000,16,32,38111
5000,20,65000,16,33,40105
5000,20,65000,16,34,38165
5000,20,65000,16,35,38116
5000,20,65000,16,36,40119
5000,20,65000,16,37,40108
5000,20,65000,16,38,40107
5000,20,65000,16,39,42108
5000,20,65000,16,40,42107
10000,14,10000,14,1,22164
10000,14,10000,14,2,22100
10000,14,10000,14,3,20105
10000,14,10000,14,4,22106
10000,14,10000,14,5,22503
10000,14,10000,14,6,22170
10000,14,10000,14,7,24108
10000,14,10000,14,8,24107
10000,14,10000,14,9,26116
10000,14,10000,14,10,26540
10000,14,10000,14,11,26103
10000,14,10000,14,12,28110
10000,14,10000,14,13,28103
10000,14,10000,14,14,28101
10000,14,10000,14,15,26100
10000,14,10000,14,16,28098
10000,14,10000,14,17,28105
10000,14,10000,14,18,28114
10000,14,10000,14,19,30116
10000,14,10000,14,20,32108
10000,14,10000,14,21,30097
10000,14,10000,14,22,32099
10000,14,10000,14,23,32109
10000,14,10000,14,24,34176
10000,14,10000,14,25,32112
10000,14,10000,14,26,32108
10000,14,10000,14,27,36167
10000,14,10000,14,28,34108
10000,14,10000,14,29,36103
10000,14,10000,14,30,36111
10000,14,10000,14,31,36105
10000,14,10000,14,32,38107
10000,14,10000,14,33,38117
10000,14,10000,14,34,38124
10000,14,10000,14,35,38112
10000,14,10000,14,36,40110
10000,14,10000,14,37,40176
10000,14,10000,14,38,40166
10000,14,10000,14,39,42114
10000,14,10000,14,40,42110
10000,14,15000,4,1,26108
10000,14,15000,4,2,22114
10000,14,15000,4,3,22109
10000,14,15000,4,4,22116
10000,14,15000,4,5,22107
10000,14,15000,4,6,22106
10000,14,15000,4,7,24099
10000,14,15000,4,8,24107
10000,14,15000,4,9,24116
10000,14,15000,4,10,22107
10000,14,15000,4,11,26098
10000,14,15000,4,12,26108
10000,14,15000,4,13,26111
10000,14,15000,4,14,26106
10000,14,15000,4,15,28098
10000,14,15000,4,16,28107
10000,14,15000,4,17,30107
10000,14,15000,4,18,30109
10000,14,15000,4,19,28109
10000,14,15000,4,20,32107
10000,14,15000,4,21,30116
10000,14,15000,4,22,30105
10000,14,15000,4,23,32105
10000,14,15000,4,24,32088
10000,14,15000,4,25,32108
10000,14,15000,4,26,32136
10000,14,15000,4,27,34101
10000,14,15000,4,28,34108
10000,14,15000,4,29,34108
10000,14,15000,4,30,36102
10000,14,15000,4,31,36106
10000,14,15000,4,32,36104
10000,14,15000,4,33,38114
10000,14,15000,4,34,38109
10000,14,15000,4,35,40358
10000,14,15000,4,36,38116
10000,14,15000,4,37,40110
10000,14,15000,4,38,40106
10000,14,15000,4,39,40120
10000,14,15000,4,40,40108
10000,14,20000,16,1,26097
10000,14,20000,16,2,22110
10000,14,20000,16,3,22103
10000,14,20000,16,4,22108
10000,14,20000,16,5,22107
10000,14,20000,16,6,24107
10000,14,20000,16,7,24107
10000,14,20000,16,8,24107
10000,14,20000,16,9,26115
10000,14,20000,16,10,26110
10000,14,20000,16,11,26112
10000,14,20000,16,12,26102
10000,14,20000,16,13,28103
10000,14,20000,16,14,28104
10000,14,20000,16,15,28106
10000,14,20000,16,16,30111
10000,14,20000,16,17,28112
10000,14,20000,16,18,30112
10000,14,20000,16,19,32116
10000,14,20000,16,20,32108
10000,14,20000,16,21,32108
10000,14,20000,16,22,34101
10000,14,20000,16,23,32138
10000,14,20000,16,24,32106
10000,14,20000,16,25,36118
10000,14,20000,16,26,34114
10000,14,20000,16,27,36099
10000,14,20000,16,28,34120
10000,14,20000,16,29,38102
10000,14,20000,16,30,36115
10000,14,20000,16,31,36114
10000,14,20000,16,32,38109
10000,14,20000,16,33,38128
10000,14,20000,16,34,40157
10000,14,20000,16,35,38112
10000,14,20000,16,36,40114
10000,14,20000,16,37,40104
10000,14,20000,16,38,40099
10000,14,20000,16,39,40100
10000,14,20000,16,40,42107
10000,14,25000,18,1,28103
10000,14,25000,18,2,24104
10000,14,25000,18,3,24102
10000,14,25000,18,4,22106
10000,14,25000,18,5,22106
10000,14,25000,18,6,24095
10000,14,25000,18,7,26109
10000,14,25000,18,8,26123
10000,14,25000,18,9,26105
10000,14,25000,18,10,26109
10000,14,25000,18,11,24113
10000,14,25000,18,12,28111
10000,14,25000,18,13,28120
10000,14,25000,18,14,28110
10000,14,25000,18,15,28109
10000,14,25000,18,16,28106
10000,14,25000,18,17,30111
10000,14,25000,18,18,30111
10000,14,25000,18,19,30116
10000,14,25000,18,20,32119
10000,14,25000,18,21,32102
10000,14,25000,18,22,32176
10000,14,25000,18,23,32107
10000,14,25000,18,24,34103
10000,14,25000,18,25,34116
10000,14,25000,18,26,34104
10000,14,25000,18,27,36109
10000,14,25000,18,28,36111
10000,14,25000,18,29,34110
10000,14,25000,18,30,36114
10000,14,25000,18,31,38101
10000,14,25000,18,32,38117
10000,14,25000,18,33,38110
10000,14,25000,18,34,38105
10000,14,25000,18,35,38092
10000,14,25000,18,36,40113
10000,14,25000,18,37,40102
10000,14,25000,18,38,42106
10000,14,25000,18,39,42108
10000,14,25000,18,40,42111
10000,14,30000,16,1,32105
10000,14,30000,16,2,26101
10000,14,30000,16,3,22102
10000,14,30000,16,4,22100
10000,14,30000,16,5,24104
10000,14,30000,16,6,24097
10000,14,30000,16,7,24100
10000,14,30000,16,8,24098
10000,14,30000,16,9,26115
10000,14,30000,16,10,26104
10000,14,30000,16,11,28163
10000,14,30000,16,12,26107
10000,14,30000,16,13,28107
10000,14,30000,16,14,28108
10000,14,30000,16,15,28107
10000,14,30000,16,16,30176
10000,14,30000,16,17,30114
10000,14,30000,16,18,30118
10000,14,30000,16,19,32114
10000,14,30000,16,20,34109
10000,14,30000,16,21,32110
10000,14,30000,16,22,34104
10000,14,30000,16,23,34114
10000,14,30000,16,24,34110
10000,14,30000,16,25,34109
10000,14,30000,16,26,34103
10000,14,30000,16,27,36110
10000,14,30000,16,28,36122
10000,14,30000,16,29,36109
10000,14,30000,16,30,38115
10000,14,30000,16,31,38106
10000,14,30000,16,32,38117
10000,14,30000,16,33,38119
10000,14,30000,16,34,40108
10000,14,30000,16,35,40109
10000,14,30000,16,36,40115
10000,14,30000,16,37,42110
10000,14,30000,16,38,42109
10000,14,30000,16,39,40110
10000,14,30000,16,40,42107
10000,14,35000,23,1,26108
10000,14,35000,23,2,24106
10000,14,35000,23,3,22111
10000,14,35000,23,4,22103
10000,14,35000,23,5,24117
10000,14,35000,23,6,24107
10000,14,35000,23,7,24103
10000,14,35000,23,8,24102
10000,14,35000,23,9,24106
10000,14,35000,23,10,26103
10000,14,35000,23,11,28116
10000,14,35000,23,12,26114
10000,14,35000,23,13,28106
10000,14,35000,23,14,30165
10000,14,35000,23,15,28111
10000,14,35000,23,16,30112
10000,14,35000,23,17,28754
10000,14,35000,23,18,30112
10000,14,35000,23,19,30113
10000,14,35000,23,20,30112
10000,14,35000,23,21,32097
10000,14,35000,23,22,34107
10000,14,35000,23,23,34109
10000,14,35000,23,24,32093
10000,14,35000,23,25,34099
10000,14,35000,23,26,34099
10000,14,35000,23,27,36109
10000,14,35000,23,28,36105
10000,14,35000,23,29,36100
10000,14,35000,23,30,38107
10000,14,35000,23,31,36104
10000,14,35000,23,32,36113
10000,14,35000,23,33,38107
10000,14,35000,23,34,40163
10000,14,35000,23,35,40179
10000,14,35000,23,36,38107
10000,14,35000,23,37,40109
10000,14,35000,23,38,42111
10000,14,35000,23,39,42183
10000,14,35000,23,40,42112
10000,14,40000,22,1,30106
10000,14,40000,22,2,26111
10000,14,40000,22,3,24110
10000,14,40000,22,4,24120
10000,14,40000,22,5,24109
10000,14,40000,22,6,24106
10000,14,40000,22,7,24114
10000,14,40000,22,8,24099
10000,14,40000,22,9,26091
10000,14,40000,22,10,26101
10000,14,40000,22,11,28100
10000,14,40000,22,12,28103
10000,14,40000,22,13,28105
10000,14,40000,22,14,30107
10000,14,40000,22,15,30114
10000,14,40000,22,16,30110
10000,14,40000,22,17,28109
10000,14,40000,22,18,30109
10000,14,40000,22,19,32102
10000,14,40000,22,20,32093
10000,14,40000,22,21,32105
10000,14,40000,22,22,34102
10000,14,40000,22,23,34101
10000,14,40000,22,24,32109
10000,14,40000,22,25,34099
10000,14,40000,22,26,36111
10000,14,40000,22,27,36109
10000,14,40000,22,28,34107
10000,14,40000,22,29,36111
10000,14,40000,22,30,38113
10000,14,40000,22,31,38128
10000,14,40000,22,32,38112
10000,14,40000,22,33,40112
10000,14,40000,22,34,40108
10000,14,40000,22,35,40114
10000,14,40000,22,36,40101
10000,14,40000,22,37,40103
10000,14,40000,22,38,40097
10000,14,40000,22,39,42107
10000,14,40000,22,40,42110
10000,14,45000,6,1,40105
10000,14,45000,6,2,30117
10000,14,45000,6,3,28115
10000,14,45000,6,4,28107
10000,14,45000,6,5,26110
10000,14,45000,6,6,26166
10000,14,45000,6,7,26107
10000,14,45000,6,8,26115
10000,14,45000,6,9,28106
10000,14,45000,6,10,28107
10000,14,45000,6,11,28121
10000,14,45000,6,12,28107
10000,14,45000,6,13,28110
10000,14,45000,6,14,28109
10000,14,45000,6,15,28109
10000,14,45000,6,16,30112
10000,14,45000,6,17,30121
10000,14,45000,6,18,28101
10000,14,45000,6,19,32108
10000,14,45000,6,20,32102
10000,14,45000,6,21,32107
10000,14,45000,6,22,34099
10000,14,45000,6,23,34107
10000,14,45000,6,24,34104
10000,14,45000,6,25,34115
10000,14,45000,6,26,36112
10000,14,45000,6,27,36114
10000,14,45000,6,28,36111
10000,14,45000,6,29,36110
10000,14,45000,6,30,36110
10000,14,45000,6,31,36106
10000,14,45000,6,32,38115
10000,14,45000,6,33,38103
10000,14,45000,6,34,40110
10000,14,45000,6,35,40115
10000,14,45000,6,36,40120
10000,14,45000,6,37,40111
10000,14,45000,6,38,42106
10000,14,45000,6,39,42104
10000,14,45000,6,40,42110
10000,14,50000,6,1,40108
10000,14,50000,6,2,32106
10000,14,50000,6,3,28120
10000,14,50000,6,4,26115
10000,14,50000,6,5,28120
10000,14,50000,6,6,28108
10000,14,50000,6,7,28111
10000,14,50000,6,8,28097
10000,14,50000,6,9,28107
10000,14,50000,6,10,28103
10000,14,50000,6,11,28104
10000,14,50000,6,12,28107
10000,14,50000,6,13,30104
10000,14,50000,6,14,30107
10000,14,50000,6,15,30106
10000,14,50000,6,16,30111
10000,14,50000,6,17,32114
10000,14,50000,6,18,30149
10000,14,50000,6,19,32106
10000,14,50000,6,20,32113
10000,14,50000,6,21,32110
10000,14,50000,6,22,34106
10000,14,50000,6,23,34729
10000,14,50000,6,24,36110
10000,14,50000,6,25,36102
10000,14,50000,6,26,36104
10000,14,50000,6,27,36098
10000,14,50000,6,28,38100
10000,14,50000,6,29,38110
10000,14,50000,6,30,38110
10000,14,50000,6,31,38108
10000,14,50000,6,32,38109
10000,14,50000,6,33,38114
10000,14,50000,6,34,40112
10000,14,50000,6,35,40115
10000,14,50000,6,36,40110
10000,14,50000,6,37,42116
10000,14,50000,6,38,42132
10000,14,50000,6,39,42103
10000,14,50000,6,40,44108
10000,14,55000,14,1,42106
10000,14,55000,14,2,30105
10000,14,55000,14,3,30095
10000,14,55000,14,4,26106
10000,14,55000,14,5,26115
10000,14,55000,14,6,28107
10000,14,55000,14,7,28111
10000,14,55000,14,8,28119
10000,14,55000,14,9,28124
10000,14,55000,14,10,28110
10000,14,55000,14,11,30106
10000,14,55000,14,12,30118
10000,14,55000,14,13,30115
10000,14,55000,14,14,32118
10000,14,55000,14,15,32109
10000,14,55000,14,16,32106
10000,14,55000,14,17,32106
10000,14,55000,14,18,34112
10000,14,55000,14,19,34106
10000,14,55000,14,20,34120
10000,14,55000,14,21,34120
10000,14,55000,14,22,34108
10000,14,55000,14,23,34102
10000,14,55000,14,24,34108
10000,14,55000,14,25,36112
10000,14,55000,14,26,36109
10000,14,55000,14,27,36117
10000,14,55000,14,28,38118
10000,14,55000,14,29,36126
10000,14,55000,14,30,38106
10000,14,55000,14,31,40100
10000,14,55000,14,32,40108
10000,14,55000,14,33,40118
10000,14,55000,14,34,42108
10000,14,55000,14,35,42107
10000,14,55000,14,36,40116
10000,14,55000,14,37,40109
10000,14,55000,14,38,42111
10000,14,55000,14,39,44111
10000,14,55000,14,40,46116
10000,14,60000,3,1,46103
10000,14,60000,3,2,38105
10000,14,60000,3,3,28109
10000,14,60000,3,4,28125
10000,14,60000,3,5,30118
10000,14,60000,3,6,30110
10000,14,60000,3,7,32113
10000,14,60000,3,8,30114
10000,14,60000,3,9,32110
10000,14,60000,3,10,30109
10000,14,60000,3,11,30104
10000,14,60000,3,12,30171
10000,14,60000,3,13,32110
10000,14,60000,3,14,32112
10000,14,60000,3,15,30107
10000,14,60000,3,16,32168
10000,14,60000,3,17,30108
10000,14,60000,3,18,32109
10000,14,60000,3,19,32114
10000,14,60000,3,20,32111
10000,14,60000,3,21,32109
10000,14,60000,3,22,36106
10000,14,60000,3,23,34110
10000,14,60000,3,24,34104
10000,14,60000,3,25,36112
10000,14,60000,3,26,36108
10000,14,60000,3,27,38221
10000,14,60000,3,28,38109
10000,14,60000,3,29,36108
10000,14,60000,3,30,38104
10000,14,60000,3,31,38104
10000,14,60000,3,32,40114
10000,14,60000,3,33,38115
10000,14,60000,3,34,40119
10000,14,60000,3,35,42108
10000,14,60000,3,36,42114
10000,14,60000,3,37,40109
10000,14,60000,3,38,44120
10000,14,60000,3,39,44112
10000,14,60000,3,40,44115
10000,14,65000,16,1,46111
10000,14,65000,16,2,34106
10000,14,65000,16,3,28109
10000,14,65000,16,4,26108
10000,14,65000,16,5,28108
10000,14,65000,16,6,26110
10000,14,65000,16,7,28102
10000,14,65000,16,8,28107
10000,14,65000,16,9,28114
10000,14,65000,16,10,28103
10000,14,65000,16,11,28162
10000,14,65000,16,12,30117
10000,14,65000,16,13,32109
10000,14,65000,16,14,30118
10000,14,65000,16,15,30107
10000,14,65000,16,16,32106
10000,14,65000,16,17,32109
10000,14,65000,16,18,32104
10000,14,65000,16,19,32104
10000,14,65000,16,20,34299
10000,14,65000,16,21,34108
10000,14,65000,16,22,34105
10000,14,65000,16,23,34115
10000,14,65000,16,24,34122
10000,14,65000,16,25,36115
10000,14,65000,16,26,38112
10000,14,65000,16,27,36107
10000,14,65000,16,28,36114
10000,14,65000,16,29,40109
10000,14,65000,16,30,40106
10000,14,65000,16,31,40117
10000,14,65000,16,32,40111
10000,14,65000,16,33,40106
10000,14,65000,16,34,40120
10000,14,65000,16,35,40107
10000,14,65000,16,36,40115
10000,14,65000,16,37,40097
10000,14,65000,16,38,44101
10000,14,65000,16,39,44111
10000,14,65000,16,40,44178
15000,4,15000,4,1,54117
15000,4,15000,4,2,38112
15000,4,15000,4,3,34118
15000,4,15000,4,4,30100
15000,4,15000,4,5,30114
15000,4,15000,4,6,30106
15000,4,15000,4,7,32105
15000,4,15000,4,8,30122
15000,4,15000,4,9,32107
15000,4,15000,4,10,32108
15000,4,15000,4,11,34112
15000,4,15000,4,12,32114
15000,4,15000,4,13,32118
15000,4,15000,4,14,32112
15000,4,15000,4,15,34160
15000,4,15000,4,16,32115
15000,4,15000,4,17,32111
15000,4,15000,4,18,32116
15000,4,15000,4,19,34104
15000,4,15000,4,20,34107
15000,4,15000,4,21,34108
15000,4,15000,4,22,36173
15000,4,15000,4,23,34279
15000,4,15000,4,24,36102
15000,4,15000,4,25,36113
15000,4,15000,4,26,36107
15000,4,15000,4,27,38168
15000,4,15000,4,28,38110
15000,4,15000,4,29,40118
15000,4,15000,4,30,38117
15000,4,15000,4,31,40108
15000,4,15000,4,32,40109
15000,4,15000,4,33,40115
15000,4,15000,4,34,42114
15000,4,15000,4,35,40117
15000,4,15000,4,36,42104
15000,4,15000,4,37,42100
15000,4,15000,4,38,44121
15000,4,15000,4,39,44110
15000,4,15000,4,40,44115
15000,4,20000,16,1,30111
15000,4,20000,16,2,24116
15000,4,20000,16,3,24104
15000,4,20000,16,4,24120
15000,4,20000,16,5,24123
15000,4,20000,16,6,24120
15000,4,20000,16,7,24106
15000,4,20000,16,8,26102
15000,4,20000,16,9,24120
15000,4,20000,16,10,26108
15000,4,20000,16,11,28104
15000,4,20000,16,12,26109
15000,4,20000,16,13,28113
15000,4,20000,16,14,28109
15000,4,20000,16,15,28109
15000,4,20000,16,16,30106
15000,4,20000,16,17,28104
15000,4,20000,16,18,30108
15000,4,20000,16,19,30167
15000,4,20000,16,20,32110
15000,4,20000,16,21,32109
15000,4,20000,16,22,32105
15000,4,20000,16,23,32118
15000,4,20000,16,24,34112
15000,4,20000,16,25,32118
15000,4,20000,16,26,34111
15000,4,20000,16,27,34113
15000,4,20000,16,28,38112
15000,4,20000,16,29,36105
15000,4,20000,16,30,36106
15000,4,20000,16,31,38111
15000,4,20000,16,32,38105
15000,4,20000,16,33,38119
15000,4,20000,16,34,38109
15000,4,20000,16,35,40111
15000,4,20000,16,36,38110
15000,4,20000,16,37,40112
15000,4,20000,16,38,44107
15000,4,20000,16,39,42099
15000,4,20000,16,40,42115
15000,4,25000,18,1,30108
15000,4,25000,18,2,26114
15000,4,25000,18,3,24117
15000,4,25000,18,4,24109
15000,4,25000,18,5,24106
15000,4,25000,18,6,24107
15000,4,25000,18,7,26191
15000,4,25000,18,8,26112
15000,4,25000,18,9,26115
15000,4,25000,18,10,26175
15000,4,25000,18,11,24109
15000,4,25000,18,12,26097
15000,4,25000,18,13,28098
15000,4,25000,18,14,28100
15000,4,25000,18,15,28117
15000,4,25000,18,16,30104
15000,4,25000,18,17,30170
15000,4,25000,18,18,30109
15000,4,25000,18,19,30112
15000,4,25000,18,20,32102
15000,4,25000,18,21,32101
15000,4,25000,18,22,34103
15000,4,25000,18,23,34112
15000,4,25000,18,24,34104
15000,4,25000,18,25,34108
15000,4,25000,18,26,34171
15000,4,25000,18,27,36111
15000,4,25000,18,28,38125
15000,4,25000,18,29,36122
15000,4,25000,18,30,36113
15000,4,25000,18,31,38106
15000,4,25000,18,32,36127
15000,4,25000,18,33,38108
15000,4,25000,18,34,40104
15000,4,25000,18,35,38112
15000,4,25000,18,36,40101
15000,4,25000,18,37,40112
15000,4,25000,18,38,42100
15000,4,25000,18,39,42114
15000,4,25000,18,40,42113
15000,4,30000,16,1,36098
15000,4,30000,16,2,30101
15000,4,30000,16,3,28112
15000,4,30000,16,4,26100
15000,4,30000,16,5,26102
15000,4,30000,16,6,26161
15000,4,30000,16,7,24112
15000,4,30000,16,8,26107
15000,4,30000,16,9,28197
15000,4,30000,16,10,28112
15000,4,30000,16,11,28115
15000,4,30000,16,12,28116
15000,4,30000,16,13,28111
15000,4,30000,16,14,28105
15000,4,30000,16,15,30103
15000,4,30000,16,16,30116
15000,4,30000,16,17,30112
15000,4,30000,16,18,30100
15000,4,30000,16,19,30118
15000,4,30000,16,20,32118
15000,4,30000,16,21,32124
15000,4,30000,16,22,34098
15000,4,30000,16,23,32110
15000,4,30000,16,24,36113
15000,4,30000,16,25,36142
15000,4,30000,16,26,34107
15000,4,30000,16,27,36116
15000,4,30000,16,28,36116
15000,4,30000,16,29,36112
15000,4,30000,16,30,38105
15000,4,30000,16,31,36111
15000,4,30000,16,32,36107
15000,4,30000,16,33,38107
15000,4,30000,16,34,40115
15000,4,30000,16,35,40112
15000,4,30000,16,36,42109
15000,4,30000,16,37,40113
15000,4,30000,16,38,42127
15000,4,30000,16,39,42119
15000,4,30000,16,40,42122
15000,4,35000,23,1,34112
15000,4,35000,23,2,28108
15000,4,35000,23,3,26115
15000,4,35000,23,4,24107
15000,4,35000,23,5,26104
15000,4,35000,23,6,26119
15000,4,35000,23,7,26117
15000,4,35000,23,8,24114
15000,4,35000,23,9,26105
15000,4,35000,23,10,26107
15000,4,35000,23,11,26111
15000,4,35000,23,12,26117
15000,4,35000,23,13,28106
15000,4,35000,23,14,28111
15000,4,35000,23,15,28117
15000,4,35000,23,16,30114
15000,4,35000,23,17,30121
15000,4,35000,23,18,30116
15000,4,35000,23,19,32115
15000,4,35000,23,20,32105
15000,4,35000,23,21,34742
15000,4,35000,23,22,32118
15000,4,35000,23,23,32106
15000,4,35000,23,24,34116
15000,4,35000,23,25,34121
15000,4,35000,23,26,36106
15000,4,35000,23,27,36117
15000,4,35000,23,28,36123
15000,4,35000,23,29,36108
15000,4,35000,23,30,38113
15000,4,35000,23,31,38117
15000,4,35000,23,32,38112
15000,4,35000,23,33,36109
15000,4,35000,23,34,38101
15000,4,35000,23,35,40119
15000,4,35000,23,36,38108
15000,4,35000,23,37,40112
15000,4,35000,23,38,42105
15000,4,35000,23,39,40176
15000,4,35000,23,40,42110
15000,4,40000,22,1,36119
15000,4,40000,22,2,28108
15000,4,40000,22,3,28112
15000,4,40000,22,4,26106
15000,4,40000,22,5,26123
15000,4,40000,22,6,28170
15000,4,40000,22,7,26107
15000,4,40000,22,8,26110
15000,4,40000,22,9,26101
15000,4,40000,22,10,26105
15000,4,40000,22,11,28114
15000,4,40000,22,12,26118
15000,4,40000,22,13,28114
15000,4,40000,22,14,28102
15000,4,40000,22,15,30104
15000,4,40000,22,16,30109
15000,4,40000,22,17,30104
15000,4,40000,22,18,30115
15000,4,40000,22,19,30112
15000,4,40000,22,20,30098
15000,4,40000,22,21,32179
15000,4,40000,22,22,32107
15000,4,40000,22,23,32103
15000,4,40000,22,24,34102
15000,4,40000,22,25,34115
15000,4,40000,22,26,36108
15000,4,40000,22,27,36091
15000,4,40000,22,28,36110
15000,4,40000,22,29,38108
15000,4,40000,22,30,36121
15000,4,40000,22,31,36115
15000,4,40000,22,32,38130
15000,4,40000,22,33,36107
15000,4,40000,22,34,38098
15000,4,40000,22,35,40106
15000,4,40000,22,36,40114
15000,4,40000,22,37,40114
15000,4,40000,22,38,42119
15000,4,40000,22,39,40131
15000,4,40000,22,40,42127
15000,4,45000,6,1,94123
15000,4,45000,6,2,56113
15000,4,45000,6,3,56104
15000,4,45000,6,4,38113
15000,4,45000,6,5,40109
15000,4,45000,6,6,40111
15000,4,45000,6,7,42105
15000,4,45000,6,8,40107
15000,4,45000,6,9,42109
15000,4,45000,6,10,40114
15000,4,45000,6,11,42110
15000,4,45000,6,12,40105
15000,4,45000,6,13,40109
15000,4,45000,6,14,40119
15000,4,45000,6,15,42107
15000,4,45000,6,16,44125
15000,4,45000,6,17,42113
15000,4,45000,6,18,42107
15000,4,45000,6,19,42116
15000,4,45000,6,20,42101
15000,4,45000,6,21,44115
15000,4,45000,6,22,42111
15000,4,45000,6,23,44133
15000,4,45000,6,24,44109
15000,4,45000,6,25,46115
15000,4,45000,6,26,44104
15000,4,45000,6,27,44116
15000,4,45000,6,28,44128
15000,4,45000,6,29,46115
15000,4,45000,6,30,44123
15000,4,45000,6,31,44118
15000,4,45000,6,32,46118
15000,4,45000,6,33,44119
15000,4,45000,6,34,44117
15000,4,45000,6,35,46121
15000,4,45000,6,36,46120
15000,4,45000,6,37,48110
15000,4,45000,6,38,44109
15000,4,45000,6,39,48119
15000,4,45000,6,40,48116
15000,4,50000,6,1,104109
15000,4,50000,6,2,60828
15000,4,50000,6,3,60113
15000,4,50000,6,4,40110
15000,4,50000,6,5,42109
15000,4,50000,6,6,44106
15000,4,50000,6,7,42108
15000,4,50000,6,8,42117
15000,4,50000,6,9,44114
15000,4,50000,6,10,42117
15000,4,50000,6,11,44112
15000,4,50000,6,12,44104
15000,4,50000,6,13,44117
15000,4,50000,6,14,44108
15000,4,50000,6,15,44109
15000,4,50000,6,16,44108
15000,4,50000,6,17,44168
15000,4,50000,6,18,44117
15000,4,50000,6,19,46107
15000,4,50000,6,20,44118
15000,4,50000,6,21,46119
15000,4,50000,6,22,44108
15000,4,50000,6,23,46124
15000,4,50000,6,24,46108
15000,4,50000,6,25,46114
15000,4,50000,6,26,46111
15000,4,50000,6,27,44114
15000,4,50000,6,28,46110
15000,4,50000,6,29,46118
15000,4,50000,6,30,48116
15000,4,50000,6,31,46115
15000,4,50000,6,32,48117
15000,4,50000,6,33,48109
15000,4,50000,6,34,48417
15000,4,50000,6,35,48107
15000,4,50000,6,36,48101
15000,4,50000,6,37,48119
15000,4,50000,6,38,48119
15000,4,50000,6,39,48114
15000,4,50000,6,40,50112
15000,4,55000,14,1,56116
15000,4,55000,14,2,40667
15000,4,55000,14,3,38122
15000,4,55000,14,4,32166
15000,4,55000,14,5,30125
15000,4,55000,14,6,32106
15000,4,55000,14,7,32109
15000,4,55000,14,8,30110
15000,4,55000,14,9,32118
15000,4,55000,14,10,32111
15000,4,55000,14,11,32200
15000,4,55000,14,12,32114
15000,4,55000,14,13,34111
15000,4,55000,14,14,34182
15000,4,55000,14,15,32107
15000,4,55000,14,16,34108
15000,4,55000,14,17,34118
15000,4,55000,14,18,34111
15000,4,55000,14,19,32116
15000,4,55000,14,20,34122
15000,4,55000,14,21,34107
15000,4,55000,14,22,34110
15000,4,55000,14,23,36107
15000,4,55000,14,24,36110
15000,4,55000,14,25,38103
15000,4,55000,14,26,36105
15000,4,55000,14,27,38116
15000,4,55000,14,28,38120
15000,4,55000,14,29,38110
15000,4,55000,14,30,40108
15000,4,55000,14,31,40112
15000,4,55000,14,32,40119
15000,4,55000,14,33,40120
15000,4,55000,14,34,42124
15000,4,55000,14,35,42109
15000,4,55000,14,36,42114
15000,4,55000,14,37,42117
15000,4,55000,14,38,44113
15000,4,55000,14,39,44117
15000,4,55000,14,40,46123
15000,4,60000,3,1,172893
15000,4,60000,3,2,120426
15000,4,60000,3,3,70120
15000,4,60000,3,4,70122
15000,4,60000,3,5,74097
15000,4,60000,3,6,70119
15000,4,60000,3,7,72123
15000,4,60000,3,8,72109
15000,4,60000,3,9,72103
15000,4,60000,3,10,72119
15000,4,60000,3,11,72121
15000,4,60000,3,12,72121
15000,4,60000,3,13,72115
15000,4,60000,3,14,72121
15000,4,60000,3,15,74129
15000,4,60000,3,16,70116
15000,4,60000,3,17,72122
15000,4,60000,3,18,72120
15000,4,60000,3,19,72392
15000,4,60000,3,20,74115
15000,4,60000,3,21,76135
15000,4,60000,3,22,74119
15000,4,60000,3,23,74115
15000,4,60000,3,24,74111
15000,4,60000,3,25,72114
15000,4,60000,3,26,74112
15000,4,60000,3,27,74126
15000,4,60000,3,28,76112
15000,4,60000,3,29,76125
15000,4,60000,3,30,78113
15000,4,60000,3,31,76126
15000,4,60000,3,32,76118
15000,4,60000,3,33,76112
15000,4,60000,3,34,74115
15000,4,60000,3,35,76106
15000,4,60000,3,36,76135
15000,4,60000,3,37,80110
15000,4,60000,3,38,76105
15000,4,60000,3,39,76391
15000,4,60000,3,40,76115
15000,4,65000,16,1,58108
15000,4,65000,16,2,38109
15000,4,65000,16,3,38107
15000,4,65000,16,4,32111
15000,4,65000,16,5,32112
15000,4,65000,16,6,34118
15000,4,65000,16,7,32125
15000,4,65000,16,8,32108
15000,4,65000,16,9,34111
15000,4,65000,16,10,32113
15000,4,65000,16,11,32109
15000,4,65000,16,12,32109
15000,4,65000,16,13,34108
15000,4,65000,16,14,34126
15000,4,65000,16,15,34118
15000,4,65000,16,16,36109
15000,4,65000,16,17,34120
15000,4,65000,16,18,34112
15000,4,65000,16,19,34111
15000,4,65000,16,20,34117
15000,4,65000,16,21,36109
15000,4,65000,16,22,36119
15000,4,65000,16,23,36110
15000,4,65000,16,24,36114
15000,4,65000,16,25,38117
15000,4,65000,16,26,38121
15000,4,65000,16,27,40115
15000,4,65000,16,28,36109
15000,4,65000,16,29,40166
15000,4,65000,16,30,40114
15000,4,65000,16,31,42126
15000,4,65000,16,32,42162
15000,4,65000,16,33,40103
15000,4,65000,16,34,42104
15000,4,65000,16,35,44174
15000,4,65000,16,36,44109
15000,4,65000,16,37,42125
15000,4,65000,16,38,42129
15000,4,65000,16,39,44105
15000,4,65000,16,40,46110
20000,16,20000,16,1,34105
20000,16,20000,16,2,26110
20000,16,20000,16,3,24221
20000,16,20000,16,4,26119
20000,16,20000,16,5,24115
20000,16,20000,16,6,24120
20000,16,20000,16,7,26108
20000,16,20000,16,8,26095
20000,16,20000,16,9,26110
20000,16,20000,16,10,26120
20000,16,20000,16,11,28109
20000,16,20000,16,12,26115
20000,16,20000,16,13,30109
20000,16,20000,16,14,28098
20000,16,20000,16,15,30116
20000,16,20000,16,16,30118
20000,16,20000,16,17,30114
20000,16,20000,16,18,30118
20000,16,20000,16,19,30358
20000,16,20000,16,20,30103
20000,16,20000,16,21,32102
20000,16,20000,16,22,32112
20000,16,20000,16,23,36169
20000,16,20000,16,24,34101
20000,16,20000,16,25,36104
20000,16,20000,16,26,34112
20000,16,20000,16,27,36106
20000,16,20000,16,28,34116
20000,16,20000,16,29,36109
20000,16,20000,16,30,40171
20000,16,20000,16,31,38107
20000,16,20000,16,32,38117
20000,16,20000,16,33,40124
20000,16,20000,16,34,40117
20000,16,20000,16,35,40111
20000,16,20000,16,36,40117
20000,16,20000,16,37,40172
20000,16,20000,16,38,42108
20000,16,20000,16,39,42105
20000,16,20000,16,40,42120
20000,16,25000,18,1,36108
20000,16,25000,18,2,26112
20000,16,25000,18,3,26107
20000,16,25000,18,4,24107
20000,16,25000,18,5,26169
20000,16,25000,18,6,24129
20000,16,25000,18,7,26115
20000,16,25000,18,8,26121
20000,16,25000,18,9,26108
20000,16,25000,18,10,26107
20000,16,25000,18,11,28119
20000,16,25000,18,12,28109
20000,16,25000,18,13,30109
20000,16,25000,18,14,30108
20000,16,25000,18,15,30111
20000,16,25000,18,16,32115
20000,16,25000,18,17,32110
20000,16,25000,18,18,30121
20000,16,25000,18,19,34109
20000,16,25000,18,20,34108
20000,16,25000,18,21,34117
20000,16,25000,18,22,34112
20000,16,25000,18,23,34119
20000,16,25000,18,24,36103
20000,16,25000,18,25,36124
20000,16,25000,18,26,34107
20000,16,25000,18,27,36107
20000,16,25000,18,28,36115
20000,16,25000,18,29,36118
20000,16,25000,18,30,36112
20000,16,25000,18,31,38110
20000,16,25000,18,32,38122
20000,16,25000,18,33,38168
20000,16,25000,18,34,38114
20000,16,25000,18,35,40110
20000,16,25000,18,36,42121
20000,16,25000,18,37,40119
20000,16,25000,18,38,42116
20000,16,25000,18,39,44116
20000,16,25000,18,40,50137
20000,16,30000,16,1,48123
20000,16,30000,16,2,32121
20000,16,30000,16,3,28118
20000,16,30000,16,4,26113
20000,16,30000,16,5,26110
20000,16,30000,16,6,26118
20000,16,30000,16,7,28132
20000,16,30000,16,8,28116
20000,16,30000,16,9,28102
20000,16,30000,16,10,26126
20000,16,30000,16,11,30118
20000,16,30000,16,12,30119
20000,16,30000,16,13,30108
20000,16,30000,16,14,30107
20000,16,30000,16,15,32110
20000,16,30000,16,16,32110
20000,16,30000,16,17,34112
20000,16,30000,16,18,32110
20000,16,30000,16,19,32116
20000,16,30000,16,20,32109
20000,16,30000,16,21,34117
20000,16,30000,16,22,34116
20000,16,30000,16,23,34119
20000,16,30000,16,24,34106
20000,16,30000,16,25,36117
20000,16,30000,16,26,36131
20000,16,30000,16,27,38111
20000,16,30000,16,28,38115
20000,16,30000,16,29,36112
20000,16,30000,16,30,40108
20000,16,30000,16,31,38112
20000,16,30000,16,32,38116
20000,16,30000,16,33,40103
20000,16,30000,16,34,40120
20000,16,30000,16,35,40113
20000,16,30000,16,36,40107
20000,16,30000,16,37,42102
20000,16,30000,16,38,42116
20000,16,30000,16,39,44122
20000,16,30000,16,40,42133
20000,16,35000,23,1,38118
20000,16,35000,23,2,28110
20000,16,35000,23,3,26117
20000,16,35000,23,4,26112
20000,16,35000,23,5,26113
20000,16,35000,23,6,26112
20000,16,35000,23,7,26112
20000,16,35000,23,8,26201
20000,16,35000,23,9,26125
20000,16,35000,23,10,28126
20000,16,35000,23,11,30116
20000,16,35000,23,12,28123
20000,16,35000,23,13,28103
20000,16,35000,23,14,30096
20000,16,35000,23,15,30115
20000,16,35000,23,16,30432
20000,16,35000,23,17,30109
20000,16,35000,23,18,32111
20000,16,35000,23,19,32126
20000,16,35000,23,20,32349
20000,16,35000,23,21,34120
20000,16,35000,23,22,34112
20000,16,35000,23,23,34112
20000,16,35000,23,24,34112
20000,16,35000,23,25,34123
20000,16,35000,23,26,34501
20000,16,35000,23,27,36105
20000,16,35000,23,28,36122
20000,16,35000,23,29,36109
20000,16,35000,23,30,38116
20000,16,35000,23,31,38112
20000,16,35000,23,32,40136
20000,16,35000,23,33,40120
20000,16,35000,23,34,40124
20000,16,35000,23,35,40113
20000,16,35000,23,36,40110
20000,16,35000,23,37,40123
20000,16,35000,23,38,42111
20000,16,35000,23,39,42118
20000,16,35000,23,40,42106
20000,16,40000,22,1,42110
20000,16,40000,22,2,30116
20000,16,40000,22,3,30108
20000,16,40000,22,4,28104
20000,16,40000,22,5,26103
20000,16,40000,22,6,26107
20000,16,40000,22,7,28102
20000,16,40000,22,8,28105
20000,16,40000,22,9,30102
20000,16,40000,22,10,28116
20000,16,40000,22,11,30113
20000,16,40000,22,12,28121
20000,16,40000,22,13,30111
20000,16,40000,22,14,30115
20000,16,40000,22,15,34120
20000,16,40000,22,16,30121
20000,16,40000,22,17,30123
20000,16,40000,22,18,32115
20000,16,40000,22,19,32110
20000,16,40000,22,20,34132
20000,16,40000,22,21,32113
20000,16,40000,22,22,32118
20000,16,40000,22,23,34117
20000,16,40000,22,24,36117
20000,16,40000,22,25,36119
20000,16,40000,22,26,38111
20000,16,40000,22,27,36173
20000,16,40000,22,28,36106
20000,16,40000,22,29,36106
20000,16,40000,22,30,38099
20000,16,40000,22,31,40112
20000,16,40000,22,32,38115
20000,16,40000,22,33,40170
20000,16,40000,22,34,40177
20000,16,40000,22,35,40114
20000,16,40000,22,36,40110
20000,16,40000,22,37,42101
20000,16,40000,22,38,42102
20000,16,40000,22,39,42112
20000,16,40000,22,40,44115
20000,16,45000,6,1,56119
20000,16,45000,6,2,38110
20000,16,45000,6,3,32103
20000,16,45000,6,4,34105
20000,16,45000,6,5,32116
20000,16,45000,6,6,30103
20000,16,45000,6,7,30105
20000,16,45000,6,8,28232
20000,16,45000,6,9,30096
20000,16,45000,6,10,30102
20000,16,45000,6,11,32101
20000,16,45000,6,12,30115
20000,16,45000,6,13,30105
20000,16,45000,6,14,32136
20000,16,45000,6,15,32157
20000,16,45000,6,16,32116
20000,16,45000,6,17,32118
20000,16,45000,6,18,34109
20000,16,45000,6,19,34519
20000,16,45000,6,20,36121
20000,16,45000,6,21,32114
20000,16,45000,6,22,34101
20000,16,45000,6,23,36123
20000,16,45000,6,24,36113
20000,16,45000,6,25,36118
20000,16,45000,6,26,36122
20000,16,45000,6,27,36106
20000,16,45000,6,28,38106
20000,16,45000,6,29,38112
20000,16,45000,6,30,40110
20000,16,45000,6,31,40117
20000,16,45000,6,32,40132
20000,16,45000,6,33,42116
20000,16,45000,6,34,42110
20000,16,45000,6,35,42125
20000,16,45000,6,36,44121
20000,16,45000,6,37,42117
20000,16,45000,6,38,42118
20000,16,45000,6,39,42099
20000,16,45000,6,40,44111
20000,16,50000,6,1,58112
20000,16,50000,6,2,40117
20000,16,50000,6,3,34115
20000,16,50000,6,4,34112
20000,16,50000,6,5,32113
20000,16,50000,6,6,30110
20000,16,50000,6,7,30120
20000,16,50000,6,8,30112
20000,16,50000,6,9,32110
20000,16,50000,6,10,30109
20000,16,50000,6,11,32346
20000,16,50000,6,12,32123
20000,16,50000,6,13,32124
20000,16,50000,6,14,32114
20000,16,50000,6,15,32119
20000,16,50000,6,16,32109
20000,16,50000,6,17,32110
20000,16,50000,6,18,32115
20000,16,50000,6,19,34106
20000,16,50000,6,20,34131
20000,16,50000,6,21,34117
20000,16,50000,6,22,36105
20000,16,50000,6,23,36113
20000,16,50000,6,24,38108
20000,16,50000,6,25,36111
20000,16,50000,6,26,38108
20000,16,50000,6,27,38115
20000,16,50000,6,28,38113
20000,16,50000,6,29,40111
20000,16,50000,6,30,38116
20000,16,50000,6,31,40109
20000,16,50000,6,32,40115
20000,16,50000,6,33,42117
20000,16,50000,6,34,42106
20000,16,50000,6,35,42105
20000,16,50000,6,36,44107
20000,16,50000,6,37,44118
20000,16,50000,6,38,44117
20000,16,50000,6,39,44139
20000,16,50000,6,40,46118
20000,16,55000,14,1,64118
20000,16,55000,14,2,42105
20000,16,55000,14,3,38111
20000,16,55000,14,4,34114
20000,16,55000,14,5,30109
20000,16,55000,14,6,30105
20000,16,55000,14,7,32113
20000,16,55000,14,8,32116
20000,16,55000,14,9,30112
20000,16,55000,14,10,32107
20000,16,55000,14,11,32120
20000,16,55000,14,12,34120
20000,16,55000,14,13,34104
20000,16,55000,14,14,34160
20000,16,55000,14,15,34114
20000,16,55000,14,16,32113
20000,16,55000,14,17,34103
20000,16,55000,14,18,34104
20000,16,55000,14,19,36115
20000,16,55000,14,20,36509
20000,16,55000,14,21,36113
20000,16,55000,14,22,36118
20000,16,55000,14,23,36111
20000,16,55000,14,24,36102
20000,16,55000,14,25,38166
20000,16,55000,14,26,38113
20000,16,55000,14,27,38105
20000,16,55000,14,28,40144
20000,16,55000,14,29,38117
20000,16,55000,14,30,40109
20000,16,55000,14,31,40104
20000,16,55000,14,32,40108
20000,16,55000,14,33,42111
20000,16,55000,14,34,42108
20000,16,55000,14,35,42168
20000,16,55000,14,36,44112
20000,16,55000,14,37,46119
20000,16,55000,14,38,42117
20000,16,55000,14,39,46113
20000,16,55000,14,40,46184
20000,16,60000,3,1,68118
20000,16,60000,3,2,52120
20000,16,60000,3,3,36124
20000,16,60000,3,4,36175
20000,16,60000,3,5,38125
20000,16,60000,3,6,38117
20000,16,60000,3,7,36111
20000,16,60000,3,8,36105
20000,16,60000,3,9,38115
20000,16,60000,3,10,38122
20000,16,60000,3,11,36105
20000,16,60000,3,12,38121
20000,16,60000,3,13,38109
20000,16,60000,3,14,38094
20000,16,60000,3,15,40122
20000,16,60000,3,16,38122
20000,16,60000,3,17,38115
20000,16,60000,3,18,38126
20000,16,60000,3,19,40110
20000,16,60000,3,20,38118
20000,16,60000,3,21,38115
20000,16,60000,3,22,40111
20000,16,60000,3,23,40111
20000,16,60000,3,24,40116
20000,16,60000,3,25,40114
20000,16,60000,3,26,40112
20000,16,60000,3,27,40120
20000,16,60000,3,28,40113
20000,16,60000,3,29,40110
20000,16,60000,3,30,40113
20000,16,60000,3,31,40107
20000,16,60000,3,32,42117
20000,16,60000,3,33,42117
20000,16,60000,3,34,44110
20000,16,60000,3,35,42118
20000,16,60000,3,36,44113
20000,16,60000,3,37,44117
20000,16,60000,3,38,44121
20000,16,60000,3,39,44122
20000,16,60000,3,40,44116
20000,16,65000,16,1,72122
20000,16,65000,16,2,46109
20000,16,65000,16,3,38112
20000,16,65000,16,4,34110
20000,16,65000,16,5,32108
20000,16,65000,16,6,32113
20000,16,65000,16,7,32113
20000,16,65000,16,8,32113
20000,16,65000,16,9,32118
20000,16,65000,16,10,32111
20000,16,65000,16,11,34115
20000,16,65000,16,12,34110
20000,16,65000,16,13,34108
20000,16,65000,16,14,36116
20000,16,65000,16,15,36116
20000,16,65000,16,16,36114
20000,16,65000,16,17,36114
20000,16,65000,16,18,40118
20000,16,65000,16,19,38180
20000,16,65000,16,20,38118
20000,16,65000,16,21,36603
20000,16,65000,16,22,36111
20000,16,65000,16,23,38108
20000,16,65000,16,24,38137
20000,16,65000,16,25,38115
20000,16,65000,16,26,38117
20000,16,65000,16,27,40103
20000,16,65000,16,28,40118
20000,16,65000,16,29,40107
20000,16,65000,16,30,40117
20000,16,65000,16,31,42110
20000,16,65000,16,32,42107
20000,16,65000,16,33,42114
20000,16,65000,16,34,44094
20000,16,65000,16,35,44124
20000,16,65000,16,36,44104
20000,16,65000,16,37,46119
20000,16,65000,16,38,44108
20000,16,65000,16,39,46097
20000,16,65000,16,40,46122
25000,18,25000,18,1,42121
25000,18,25000,18,2,30114
25000,18,25000,18,3,28167
25000,18,25000,18,4,26108
25000,18,25000,18,5,24112
25000,18,25000,18,6,26106
25000,18,25000,18,7,26105
25000,18,25000,18,8,28109
25000,18,25000,18,9,26117
25000,18,25000,18,10,26100
25000,18,25000,18,11,26107
25000,18,25000,18,12,28105
25000,18,25000,18,13,30114
25000,18,25000,18,14,28112
25000,18,25000,18,15,30114
25000,18,25000,18,16,30113
25000,18,25000,18,17,32110
25000,18,25000,18,18,32112
25000,18,25000,18,19,32112
25000,18,25000,18,20,32167
25000,18,25000,18,21,34122
25000,18,25000,18,22,32109
25000,18,25000,18,23,34226
25000,18,25000,18,24,36120
25000,18,25000,18,25,34114
25000,18,25000,18,26,36117
25000,18,25000,18,27,36118
25000,18,25000,18,28,36124
25000,18,25000,18,29,38119
25000,18,25000,18,30,38111
25000,18,25000,18,31,38114
25000,18,25000,18,32,38133
25000,18,25000,18,33,40114
25000,18,25000,18,34,40106
25000,18,25000,18,35,40112
25000,18,25000,18,36,40104
25000,18,25000,18,37,42136
25000,18,25000,18,38,42123
25000,18,25000,18,39,42117
25000,18,25000,18,40,42116
25000,18,30000,16,1,44146
25000,18,30000,16,2,32100
25000,18,30000,16,3,28110
25000,18,30000,16,4,28113
25000,18,30000,16,5,26117
25000,18,30000,16,6,28104
25000,18,30000,16,7,26112
25000,18,30000,16,8,28102
25000,18,30000,16,9,28104
25000,18,30000,16,10,28123
25000,18,30000,16,11,28105
25000,18,30000,16,12,30105
25000,18,30000,16,13,30130
25000,18,30000,16,14,30516
25000,18,30000,16,15,34115
25000,18,30000,16,16,32118
25000,18,30000,16,17,32117
25000,18,30000,16,18,30108
25000,18,30000,16,19,32124
25000,18,30000,16,20,32124
25000,18,30000,16,21,34122
25000,18,30000,16,22,34116
25000,18,30000,16,23,36112
25000,18,30000,16,24,34134
25000,18,30000,16,25,36107
25000,18,30000,16,26,36108
25000,18,30000,16,27,36125
25000,18,30000,16,28,38101
25000,18,30000,16,29,38125
25000,18,30000,16,30,38112
25000,18,30000,16,31,40108
25000,18,30000,16,32,40106
25000,18,30000,16,33,42112
25000,18,30000,16,34,40113
25000,18,30000,16,35,42105
25000,18,30000,16,36,40116
25000,18,30000,16,37,42130
25000,18,30000,16,38,42105
25000,18,30000,16,39,44106
25000,18,30000,16,40,42106
25000,18,35000,23,1,44105
25000,18,35000,23,2,32111
25000,18,35000,23,3,28111
25000,18,35000,23,4,28162
25000,18,35000,23,5,26107
25000,18,35000,23,6,28111
25000,18,35000,23,7,26119
25000,18,35000,23,8,28105
25000,18,35000,23,9,28109
25000,18,35000,23,10,28356
25000,18,35000,23,11,28113
25000,18,35000,23,12,30110
25000,18,35000,23,13,30112
25000,18,35000,23,14,30116
25000,18,35000,23,15,32114
25000,18,35000,23,16,30119
25000,18,35000,23,17,32107
25000,18,35000,23,18,32171
25000,18,35000,23,19,32113
25000,18,35000,23,20,32115
25000,18,35000,23,21,32117
25000,18,35000,23,22,34115
25000,18,35000,23,23,36110
25000,18,35000,23,24,36117
25000,18,35000,23,25,36117
25000,18,35000,23,26,38111
25000,18,35000,23,27,38119
25000,18,35000,23,28,36117
25000,18,35000,23,29,38107
25000,18,35000,23,30,38121
25000,18,35000,23,31,38098
25000,18,35000,23,32,38109
25000,18,35000,23,33,40104
25000,18,35000,23,34,40111
25000,18,35000,23,35,42122
25000,18,35000,23,36,42129
25000,18,35000,23,37,42116
25000,18,35000,23,38,44116
25000,18,35000,23,39,44108
25000,18,35000,23,40,42117
25000,18,40000,22,1,48104
25000,18,40000,22,2,34122
25000,18,40000,22,3,30121
25000,18,40000,22,4,28179
25000,18,40000,22,5,28110
25000,18,40000,22,6,28113
25000,18,40000,22,7,28116
25000,18,40000,22,8,28115
25000,18,40000,22,9,28113
25000,18,40000,22,10,28119
25000,18,40000,22,11,28112
25000,18,40000,22,12,30119
25000,18,40000,22,13,30146
25000,18,40000,22,14,30118
25000,18,40000,22,15,32106
25000,18,40000,22,16,32117
25000,18,40000,22,17,32104
25000,18,40000,22,18,34107
25000,18,40000,22,19,34128
25000,18,40000,22,20,34159
25000,18,40000,22,21,36111
25000,18,40000,22,22,34114
25000,18,40000,22,23,36120
25000,18,40000,22,24,36120
25000,18,40000,22,25,36110
25000,18,40000,22,26,38124
25000,18,40000,22,27,36112
25000,18,40000,22,28,38115
25000,18,40000,22,29,38118
25000,18,40000,22,30,40120
25000,18,40000,22,31,40116
25000,18,40000,22,32,40121
25000,18,40000,22,33,42124
25000,18,40000,22,34,42119
25000,18,40000,22,35,42111
25000,18,40000,22,36,42114
25000,18,40000,22,37,44117
25000,18,40000,22,38,44119
25000,18,40000,22,39,42109
25000,18,40000,22,40,44117
25000,18,45000,6,1,58122
25000,18,45000,6,2,38116
25000,18,45000,6,3,34376
25000,18,45000,6,4,34153
25000,18,45000,6,5,32111
25000,18,45000,6,6,30129
25000,18,45000,6,7,32120
25000,18,45000,6,8,30106
25000,18,45000,6,9,32108
25000,18,45000,6,10,30107
25000,18,45000,6,11,30121
25000,18,45000,6,12,32127
25000,18,45000,6,13,32110
25000,18,45000,6,14,32107
25000,18,45000,6,15,32115
25000,18,45000,6,16,32108
25000,18,45000,6,17,32115
25000,18,45000,6,18,34110
25000,18,45000,6,19,32116
25000,18,45000,6,20,34109
25000,18,45000,6,21,34117
25000,18,45000,6,22,36123
25000,18,45000,6,23,36116
25000,18,45000,6,24,36106
25000,18,45000,6,25,36116
25000,18,45000,6,26,36209
25000,18,45000,6,27,38101
25000,18,45000,6,28,38119
25000,18,45000,6,29,40110
25000,18,45000,6,30,40117
25000,18,45000,6,31,40118
25000,18,45000,6,32,42120
25000,18,45000,6,33,40112
25000,18,45000,6,34,40098
25000,18,45000,6,35,42118
25000,18,45000,6,36,42119
25000,18,45000,6,37,44113
25000,18,45000,6,38,44113
25000,18,45000,6,39,44112
25000,18,45000,6,40,44124
25000,18,50000,6,1,64112
25000,18,50000,6,2,40121
25000,18,50000,6,3,34110
25000,18,50000,6,4,34119
25000,18,50000,6,5,34124
25000,18,50000,6,6,32139
25000,18,50000,6,7,32121
25000,18,50000,6,8,32532
25000,18,50000,6,9,30119
25000,18,50000,6,10,32114
25000,18,50000,6,11,32110
25000,18,50000,6,12,32122
25000,18,50000,6,13,34119
25000,18,50000,6,14,32119
25000,18,50000,6,15,32119
25000,18,50000,6,16,32112
25000,18,50000,6,17,32567
25000,18,50000,6,18,34127
25000,18,50000,6,19,34107
25000,18,50000,6,20,34116
25000,18,50000,6,21,34113
25000,18,50000,6,22,34123
25000,18,50000,6,23,36123
25000,18,50000,6,24,38118
25000,18,50000,6,25,38115
25000,18,50000,6,26,38114
25000,18,50000,6,27,38124
25000,18,50000,6,28,40102
25000,18,50000,6,29,40107
25000,18,50000,6,30,42194
25000,18,50000,6,31,40120
25000,18,50000,6,32,40124
25000,18,50000,6,33,40124
25000,18,50000,6,34,42395
25000,18,50000,6,35,42116
25000,18,50000,6,36,46138
25000,18,50000,6,37,44114
25000,18,50000,6,38,44101
25000,18,50000,6,39,44114
25000,18,50000,6,40,46154
25000,18,55000,14,1,68248
25000,18,55000,14,2,44103
25000,18,55000,14,3,36117
25000,18,55000,14,4,32114
25000,18,55000,14,5,32117
25000,18,55000,14,6,32156
25000,18,55000,14,7,32121
25000,18,55000,14,8,30116
25000,18,55000,14,9,30108
25000,18,55000,14,10,32127
25000,18,55000,14,11,34113
25000,18,55000,14,12,34111
25000,18,55000,14,13,34118
25000,18,55000,14,14,34121
25000,18,55000,14,15,36168
25000,18,55000,14,16,36123
25000,18,55000,14,17,34111
25000,18,55000,14,18,34124
25000,18,55000,14,19,36109
25000,18,55000,14,20,36125
25000,18,55000,14,21,36113
25000,18,55000,14,22,34109
25000,18,55000,14,23,36109
25000,18,55000,14,24,42108
25000,18,55000,14,25,38153
25000,18,55000,14,26,40135
25000,18,55000,14,27,40124
25000,18,55000,14,28,40121
25000,18,55000,14,29,40117
25000,18,55000,14,30,40119
25000,18,55000,14,31,40117
25000,18,55000,14,32,42100
25000,18,55000,14,33,42112
25000,18,55000,14,34,44110
25000,18,55000,14,35,42108
25000,18,55000,14,36,44108
25000,18,55000,14,37,44106
25000,18,55000,14,38,44125
25000,18,55000,14,39,46118
25000,18,55000,14,40,46117
25000,18,60000,3,1,72099
25000,18,60000,3,2,54113
25000,18,60000,3,3,40107
25000,18,60000,3,4,38119
25000,18,60000,3,5,40113
25000,18,60000,3,6,40117
25000,18,60000,3,7,38117
25000,18,60000,3,8,40164
25000,18,60000,3,9,40168
25000,18,60000,3,10,40109
25000,18,60000,3,11,40109
25000,18,60000,3,12,38122
25000,18,60000,3,13,42106
25000,18,60000,3,14,38113
25000,18,60000,3,15,42122
25000,18,60000,3,16,42116
25000,18,60000,3,17,42178
25000,18,60000,3,18,40113
25000,18,60000,3,19,42122
25000,18,60000,3,20,42123
25000,18,60000,3,21,44115
25000,18,60000,3,22,42121
25000,18,60000,3,23,42123
25000,18,60000,3,24,40104
25000,18,60000,3,25,42118
25000,18,60000,3,26,42113
25000,18,60000,3,27,42110
25000,18,60000,3,28,42111
25000,18,60000,3,29,44105
25000,18,60000,3,30,44112
25000,18,60000,3,31,44114
25000,18,60000,3,32,46139
25000,18,60000,3,33,44126
25000,18,60000,3,34,44124
25000,18,60000,3,35,44122
25000,18,60000,3,36,44125
25000,18,60000,3,37,46111
25000,18,60000,3,38,44122
25000,18,60000,3,39,44140
25000,18,60000,3,40,46115
25000,18,65000,16,1,80113
25000,18,65000,16,2,50123
25000,18,65000,16,3,42110
25000,18,65000,16,4,38121
25000,18,65000,16,5,34108
25000,18,65000,16,6,32454
25000,18,65000,16,7,32117
25000,18,65000,16,8,32121
25000,18,65000,16,9,34114
25000,18,65000,16,10,32109
25000,18,65000,16,11,36105
25000,18,65000,16,12,34116
25000,18,65000,16,13,36103
25000,18,65000,16,14,36114
25000,18,65000,16,15,36122
25000,18,65000,16,16,36106
25000,18,65000,16,17,38105
25000,18,65000,16,18,36106
25000,18,65000,16,19,38112
25000,18,65000,16,20,36110
25000,18,65000,16,21,38109
25000,18,65000,16,22,36117
25000,18,65000,16,23,36113
25000,18,65000,16,24,40117
25000,18,65000,16,25,40117
25000,18,65000,16,26,40116
25000,18,65000,16,27,42107
25000,18,65000,16,28,42127
25000,18,65000,16,29,42111
25000,18,65000,16,30,42136
25000,18,65000,16,31,44132
25000,18,65000,16,32,42117
25000,18,65000,16,33,44109
25000,18,65000,16,34,44114
25000,18,65000,16,35,44122
25000,18,65000,16,36,46128
25000,18,65000,16,37,46122
25000,18,65000,16,38,48108
25000,18,65000,16,39,46132
25000,18,65000,16,40,48172
30000,16,30000,16,1,54103
30000,16,30000,16,2,38124
30000,16,30000,16,3,32115
30000,16,30000,16,4,30331
30000,16,30000,16,5,30110
30000,16,30000,16,6,30118
30000,16,30000,16,7,30109
30000,16,30000,16,8,30111
30000,16,30000,16,9,30123
30000,16,30000,16,10,30128
30000,16,30000,16,11,30106
30000,16,30000,16,12,32118
30000,16,30000,16,13,32122
30000,16,30000,16,14,32120
30000,16,30000,16,15,34098
30000,16,30000,16,16,34160
30000,16,30000,16,17,36107
30000,16,30000,16,18,32119
30000,16,30000,16,19,34116
30000,16,30000,16,20,34115
30000,16,30000,16,21,34120
30000,16,30000,16,22,36122
30000,16,30000,16,23,36123
30000,16,30000,16,24,38105
30000,16,30000,16,25,36114
30000,16,30000,16,26,36116
30000,16,30000,16,27,38121
30000,16,30000,16,28,40126
30000,16,30000,16,29,38119
30000,16,30000,16,30,38165
30000,16,30000,16,31,40497
30000,16,30000,16,32,40113
30000,16,30000,16,33,42114
30000,16,30000,16,34,42118
30000,16,30000,16,35,42173
30000,16,30000,16,36,44119
30000,16,30000,16,37,42116
30000,16,30000,16,38,44121
30000,16,30000,16,39,44110
30000,16,30000,16,40,44121
30000,16,35000,23,1,48115
30000,16,35000,23,2,34114
30000,16,35000,23,3,30110
30000,16,35000,23,4,30122
30000,16,35000,23,5,28107
30000,16,35000,23,6,26109
30000,16,35000,23,7,30112
30000,16,35000,23,8,28174
30000,16,35000,23,9,28108
30000,16,35000,23,10,30105
30000,16,35000,23,11,30106
30000,16,35000,23,12,30104
30000,16,35000,23,13,32108
30000,16,35000,23,14,32110
30000,16,35000,23,15,32121
30000,16,35000,23,16,32105
30000,16,35000,23,17,34114
30000,16,35000,23,18,32114
30000,16,35000,23,19,34115
30000,16,35000,23,20,32119
30000,16,35000,23,21,36121
30000,16,35000,23,22,36112
30000,16,35000,23,23,38110
30000,16,35000,23,24,36118
30000,16,35000,23,25,36112
30000,16,35000,23,26,36116
30000,16,35000,23,27,36107
30000,16,35000,23,28,38113
30000,16,35000,23,29,36115
30000,16,35000,23,30,38109
30000,16,35000,23,31,40115
30000,16,35000,23,32,40109
30000,16,35000,23,33,42123
30000,16,35000,23,34,42113
30000,16,35000,23,35,40111
30000,16,35000,23,36,42119
30000,16,35000,23,37,42119
30000,16,35000,23,38,40109
30000,16,35000,23,39,46111
30000,16,35000,23,40,46113
30000,16,40000,22,1,54129
30000,16,40000,22,2,38115
30000,16,40000,22,3,32121
30000,16,40000,22,4,30118
30000,16,40000,22,5,28118
30000,16,40000,22,6,30111
30000,16,40000,22,7,28114
30000,16,40000,22,8,28105
30000,16,40000,22,9,30111
30000,16,40000,22,10,28118
30000,16,40000,22,11,30105
30000,16,40000,22,12,30112
30000,16,40000,22,13,30194
30000,16,40000,22,14,32104
30000,16,40000,22,15,32107
30000,16,40000,22,16,34111
30000,16,40000,22,17,34111
30000,16,40000,22,18,34131
30000,16,40000,22,19,32116
30000,16,40000,22,20,36112
30000,16,40000,22,21,34117
30000,16,40000,22,22,34109
30000,16,40000,22,23,36111
30000,16,40000,22,24,36125
30000,16,40000,22,25,36114
30000,16,40000,22,26,38187
30000,16,40000,22,27,38114
30000,16,40000,22,28,36122
30000,16,40000,22,29,38108
30000,16,40000,22,30,40122
30000,16,40000,22,31,40124
30000,16,40000,22,32,40118
30000,16,40000,22,33,42194
30000,16,40000,22,34,40116
30000,16,40000,22,35,42118
30000,16,40000,22,36,42119
30000,16,40000,22,37,42120
30000,16,40000,22,38,44113
30000,16,40000,22,39,44125
30000,16,40000,22,40,44130
30000,16,45000,6,1,74116
30000,16,45000,6,2,48142
30000,16,45000,6,3,38128
30000,16,45000,6,4,38115
30000,16,45000,6,5,38112
30000,16,45000,6,6,34114
30000,16,45000,6,7,32121
30000,16,45000,6,8,34116
30000,16,45000,6,9,34415
30000,16,45000,6,10,34121
30000,16,45000,6,11,36122
30000,16,45000,6,12,34120
30000,16,45000,6,13,34119
30000,16,45000,6,14,34105
30000,16,45000,6,15,36400
30000,16,45000,6,16,36126
30000,16,45000,6,17,36116
30000,16,45000,6,18,36131
30000,16,45000,6,19,36125
30000,16,45000,6,20,36114
30000,16,45000,6,21,36127
30000,16,45000,6,22,36115
30000,16,45000,6,23,38120
30000,16,45000,6,24,38235
30000,16,45000,6,25,38115
30000,16,45000,6,26,38125
30000,16,45000,6,27,40114
30000,16,45000,6,28,40112
30000,16,45000,6,29,40118
30000,16,45000,6,30,40131
30000,16,45000,6,31,40121
30000,16,45000,6,32,42100
30000,16,45000,6,33,42108
30000,16,45000,6,34,44111
30000,16,45000,6,35,44128
30000,16,45000,6,36,44117
30000,16,45000,6,37,44161
30000,16,45000,6,38,44117
30000,16,45000,6,39,46112
30000,16,45000,6,40,44113
30000,16,50000,6,1,80117
30000,16,50000,6,2,50112
30000,16,50000,6,3,40125
30000,16,50000,6,4,38113
30000,16,50000,6,5,40111
30000,16,50000,6,6,34172
30000,16,50000,6,7,36117
30000,16,50000,6,8,34109
30000,16,50000,6,9,34110
30000,16,50000,6,10,36119
30000,16,50000,6,11,36660
30000,16,50000,6,12,38187
30000,16,50000,6,13,34120
30000,16,50000,6,14,40115
30000,16,50000,6,15,36113
30000,16,50000,6,16,36108
30000,16,50000,6,17,36108
30000,16,50000,6,18,38110
30000,16,50000,6,19,36120
30000,16,50000,6,20,36119
30000,16,50000,6,21,36123
30000,16,50000,6,22,38113
30000,16,50000,6,23,38102
30000,16,50000,6,24,38112
30000,16,50000,6,25,38106
30000,16,50000,6,26,40119
30000,16,50000,6,27,40413
30000,16,50000,6,28,42115
30000,16,50000,6,29,42106
30000,16,50000,6,30,42113
30000,16,50000,6,31,42124
30000,16,50000,6,32,44123
30000,16,50000,6,33,44115
30000,16,50000,6,34,44124
30000,16,50000,6,35,42116
30000,16,50000,6,36,44107
30000,16,50000,6,37,44131
30000,16,50000,6,38,46135
30000,16,50000,6,39,46169
30000,16,50000,6,40,46114
30000,16,55000,14,1,86117
30000,16,55000,14,2,54160
30000,16,55000,14,3,44114
30000,16,55000,14,4,40106
30000,16,55000,14,5,34123
30000,16,55000,14,6,36129
30000,16,55000,14,7,34128
30000,16,55000,14,8,34113
30000,16,55000,14,9,32110
30000,16,55000,14,10,34118
30000,16,55000,14,11,40117
30000,16,55000,14,12,38111
30000,16,55000,14,13,36118
30000,16,55000,14,14,38122
30000,16,55000,14,15,38114
30000,16,55000,14,16,38118
30000,16,55000,14,17,38118
30000,16,55000,14,18,38120
30000,16,55000,14,19,38221
30000,16,55000,14,20,38125
30000,16,55000,14,21,38113
30000,16,55000,14,22,38111
30000,16,55000,14,23,40186
30000,16,55000,14,24,42120
30000,16,55000,14,25,42126
30000,16,55000,14,26,42141
30000,16,55000,14,27,42114
30000,16,55000,14,28,44117
30000,16,55000,14,29,42111
30000,16,55000,14,30,44114
30000,16,55000,14,31,44112
30000,16,55000,14,32,44113
30000,16,55000,14,33,44113
30000,16,55000,14,34,46120
30000,16,55000,14,35,46119
30000,16,55000,14,36,46129
30000,16,55000,14,37,48128
30000,16,55000,14,38,48118
30000,16,55000,14,39,48119
30000,16,55000,14,40,48123
30000,16,60000,3,1,92119
30000,16,60000,3,2,66115
30000,16,60000,3,3,44120
30000,16,60000,3,4,44120
30000,16,60000,3,5,44117
30000,16,60000,3,6,44123
30000,16,60000,3,7,44117
30000,16,60000,3,8,46136
30000,16,60000,3,9,46116
30000,16,60000,3,10,46108
30000,16,60000,3,11,46127
30000,16,60000,3,12,44120
30000,16,60000,3,13,46168
30000,16,60000,3,14,46130
30000,16,60000,3,15,46121
30000,16,60000,3,16,46114
30000,16,60000,3,17,46114
30000,16,60000,3,18,46115
30000,16,60000,3,19,46111
30000,16,60000,3,20,46115
30000,16,60000,3,21,48122
30000,16,60000,3,22,46125
30000,16,60000,3,23,48113
30000,16,60000,3,24,50110
30000,16,60000,3,25,48111
30000,16,60000,3,26,48110
30000,16,60000,3,27,48119
30000,16,60000,3,28,50125
30000,16,60000,3,29,48125
30000,16,60000,3,30,50147
30000,16,60000,3,31,48123
30000,16,60000,3,32,50122
30000,16,60000,3,33,50124
30000,16,60000,3,34,52115
30000,16,60000,3,35,50113
30000,16,60000,3,36,52123
30000,16,60000,3,37,50132
30000,16,60000,3,38,50117
30000,16,60000,3,39,52114
30000,16,60000,3,40,52122
30000,16,65000,16,1,100114
30000,16,65000,16,2,60113
30000,16,65000,16,3,52117
30000,16,65000,16,4,42111
30000,16,65000,16,5,38124
30000,16,65000,16,6,38114
30000,16,65000,16,7,36137
30000,16,65000,16,8,36128
30000,16,65000,16,9,36133
30000,16,65000,16,10,36119
30000,16,65000,16,11,40114
30000,16,65000,16,12,40117
30000,16,65000,16,13,40136
30000,16,65000,16,14,40122
30000,16,65000,16,15,40115
30000,16,65000,16,16,38120
30000,16,65000,16,17,42187
30000,16,65000,16,18,40123
30000,16,65000,16,19,40112
30000,16,65000,16,20,40113
30000,16,65000,16,21,40109
30000,16,65000,16,22,42113
30000,16,65000,16,23,40120
30000,16,65000,16,24,42116
30000,16,65000,16,25,42113
30000,16,65000,16,26,44432
30000,16,65000,16,27,44117
30000,16,65000,16,28,44123
30000,16,65000,16,29,44151
30000,16,65000,16,30,46173
30000,16,65000,16,31,46119
30000,16,65000,16,32,46114
30000,16,65000,16,33,48177
30000,16,65000,16,34,48127
30000,16,65000,16,35,48126
30000,16,65000,16,36,50122
30000,16,65000,16,37,48117
30000,16,65000,16,38,48114
30000,16,65000,16,39,52112
30000,16,65000,16,40,50118
35000,23,35000,23,1,52127
35000,23,35000,23,2,36173
35000,23,35000,23,3,32113
35000,23,35000,23,4,30122
35000,23,35000,23,5,26113
35000,23,35000,23,6,28112
35000,23,35000,23,7,28111
35000,23,35000,23,8,28108
35000,23,35000,23,9,30119
35000,23,35000,23,10,30116
35000,23,35000,23,11,30622
35000,23,35000,23,12,32119
35000,23,35000,23,13,32122
35000,23,35000,23,14,32121
35000,23,35000,23,15,32124
35000,23,35000,23,16,34114
35000,23,35000,23,17,34412
35000,23,35000,23,18,34118
35000,23,35000,23,19,34124
35000,23,35000,23,20,34124
35000,23,35000,23,21,36119
35000,23,35000,23,22,36117
35000,23,35000,23,23,40121
35000,23,35000,23,24,36121
35000,23,35000,23,25,38126
35000,23,35000,23,26,38131
35000,23,35000,23,27,38116
35000,23,35000,23,28,38113
35000,23,35000,23,29,40113
35000,23,35000,23,30,40118
35000,23,35000,23,31,42115
35000,23,35000,23,32,40110
35000,23,35000,23,33,42119
35000,23,35000,23,34,42118
35000,23,35000,23,35,42119
35000,23,35000,23,36,44120
35000,23,35000,23,37,42126
35000,23,35000,23,38,42118
35000,23,35000,23,39,46112
35000,23,35000,23,40,46140
35000,23,40000,22,1,58127
35000,23,40000,22,2,40127
35000,23,40000,22,3,34112
35000,23,40000,22,4,32117
35000,23,40000,22,5,30327
35000,23,40000,22,6,30120
35000,23,40000,22,7,30114
35000,23,40000,22,8,28115
35000,23,40000,22,9,32111
35000,23,40000,22,10,30115
35000,23,40000,22,11,32176
35000,23,40000,22,12,32170
35000,23,40000,22,13,32121
35000,23,40000,22,14,32116
35000,23,40000,22,15,32109
35000,23,40000,22,16,34113
35000,23,40000,22,17,34115
35000,23,40000,22,18,34118
35000,23,40000,22,19,36122
35000,23,40000,22,20,36114
35000,23,40000,22,21,36111
35000,23,40000,22,22,38166
35000,23,40000,22,23,38110
35000,23,40000,22,24,38115
35000,23,40000,22,25,38123
35000,23,40000,22,26,38115
35000,23,40000,22,27,36124
35000,23,40000,22,28,40169
35000,23,40000,22,29,40110
35000,23,40000,22,30,40128
35000,23,40000,22,31,42117
35000,23,40000,22,32,42132
35000,23,40000,22,33,42121
35000,23,40000,22,34,40139
35000,23,40000,22,35,44136
35000,23,40000,22,36,44135
35000,23,40000,22,37,44125
35000,23,40000,22,38,44112
35000,23,40000,22,39,46108
35000,23,40000,22,40,46121
35000,23,45000,6,1,64127
35000,23,45000,6,2,42120
35000,23,45000,6,3,36115
35000,23,45000,6,4,34170
35000,23,45000,6,5,34109
35000,23,45000,6,6,30123
35000,23,45000,6,7,32113
35000,23,45000,6,8,32117
35000,23,45000,6,9,32115
35000,23,45000,6,10,32178
35000,23,45000,6,11,32111
35000,23,45000,6,12,32119
35000,23,45000,6,13,32124
35000,23,45000,6,14,32110
35000,23,45000,6,15,34122
35000,23,45000,6,16,32120
35000,23,45000,6,17,34125
35000,23,45000,6,18,34123
35000,23,45000,6,19,34119
35000,23,45000,6,20,34119
35000,23,45000,6,21,36122
35000,23,45000,6,22,36111
35000,23,45000,6,23,36106
35000,23,45000,6,24,36127
35000,23,45000,6,25,36124
35000,23,45000,6,26,40115
35000,23,45000,6,27,38115
35000,23,45000,6,28,38122
35000,23,45000,6,29,38107
35000,23,45000,6,30,38114
35000,23,45000,6,31,42180
35000,23,45000,6,32,42111
35000,23,45000,6,33,42123
35000,23,45000,6,34,42125
35000,23,45000,6,35,42115
35000,23,45000,6,36,44131
35000,23,45000,6,37,44113
35000,23,45000,6,38,44112
35000,23,45000,6,39,44126
35000,23,45000,6,40,44127
35000,23,50000,6,1,68114
35000,23,50000,6,2,44123
35000,23,50000,6,3,38117
35000,23,50000,6,4,36126
35000,23,50000,6,5,34113
35000,23,50000,6,6,32120
35000,23,50000,6,7,32114
35000,23,50000,6,8,32116
35000,23,50000,6,9,34116
35000,23,50000,6,10,32130
35000,23,50000,6,11,34127
35000,23,50000,6,12,36107
35000,23,50000,6,13,32116
35000,23,50000,6,14,36112
35000,23,50000,6,15,36147
35000,23,50000,6,16,34121
35000,23,50000,6,17,32122
35000,23,50000,6,18,34111
35000,23,50000,6,19,32127
35000,23,50000,6,20,36121
35000,23,50000,6,21,34111
35000,23,50000,6,22,36097
35000,23,50000,6,23,36109
35000,23,50000,6,24,38131
35000,23,50000,6,25,38122
35000,23,50000,6,26,38126
35000,23,50000,6,27,46114
35000,23,50000,6,28,40132
35000,23,50000,6,29,40121
35000,23,50000,6,30,40113
35000,23,50000,6,31,42119
35000,23,50000,6,32,42115
35000,23,50000,6,33,42128
35000,23,50000,6,34,44123
35000,23,50000,6,35,44122
35000,23,50000,6,36,44137
35000,23,50000,6,37,44114
35000,23,50000,6,38,44127
35000,23,50000,6,39,44121
35000,23,50000,6,40,46123
35000,23,55000,14,1,72128
35000,23,55000,14,2,44111
35000,23,55000,14,3,40131
35000,23,55000,14,4,34122
35000,23,55000,14,5,34111
35000,23,55000,14,6,32117
35000,23,55000,14,7,32117
35000,23,55000,14,8,34115
35000,23,55000,14,9,34172
35000,23,55000,14,10,32118
35000,23,55000,14,11,34117
35000,23,55000,14,12,36114
35000,23,55000,14,13,34116
35000,23,55000,14,14,36123
35000,23,55000,14,15,36122
35000,23,55000,14,16,36125
35000,23,55000,14,17,36113
35000,23,55000,14,18,38118
35000,23,55000,14,19,36124
35000,23,55000,14,20,36121
35000,23,55000,14,21,38123
35000,23,55000,14,22,36116
35000,23,55000,14,23,38107
35000,23,55000,14,24,38120
35000,23,55000,14,25,40124
35000,23,55000,14,26,40104
35000,23,55000,14,27,40118
35000,23,55000,14,28,40125
35000,23,55000,14,29,42100
35000,23,55000,14,30,40119
35000,23,55000,14,31,42109
35000,23,55000,14,32,42115
35000,23,55000,14,33,42120
35000,23,55000,14,34,46109
35000,23,55000,14,35,44127
35000,23,55000,14,36,44116
35000,23,55000,14,37,46120
35000,23,55000,14,38,46122
35000,23,55000,14,39,46112
35000,23,55000,14,40,46116
35000,23,60000,3,1,78114
35000,23,60000,3,2,60116
35000,23,60000,3,3,40111
35000,23,60000,3,4,40124
35000,23,60000,3,5,42118
35000,23,60000,3,6,42122
35000,23,60000,3,7,42118
35000,23,60000,3,8,42116
35000,23,60000,3,9,42120
35000,23,60000,3,10,40118
35000,23,60000,3,11,42119
35000,23,60000,3,12,42280
35000,23,60000,3,13,42119
35000,23,60000,3,14,44117
35000,23,60000,3,15,44123
35000,23,60000,3,16,42124
35000,23,60000,3,17,42128
35000,23,60000,3,18,46123
35000,23,60000,3,19,44119
35000,23,60000,3,20,44172
35000,23,60000,3,21,44124
35000,23,60000,3,22,44127
35000,23,60000,3,23,44122
35000,23,60000,3,24,44111
35000,23,60000,3,25,44114
35000,23,60000,3,26,44111
35000,23,60000,3,27,46122
35000,23,60000,3,28,44104
35000,23,60000,3,29,44119
35000,23,60000,3,30,44111
35000,23,60000,3,31,46107
35000,23,60000,3,32,44122
35000,23,60000,3,33,46114
35000,23,60000,3,34,44116
35000,23,60000,3,35,44113
35000,23,60000,3,36,46109
35000,23,60000,3,37,46112
35000,23,60000,3,38,48106
35000,23,60000,3,39,46110
35000,23,60000,3,40,46120
35000,23,65000,16,1,84113
35000,23,65000,16,2,52108
35000,23,65000,16,3,42113
35000,23,65000,16,4,40115
35000,23,65000,16,5,34124
35000,23,65000,16,6,32111
35000,23,65000,16,7,34111
35000,23,65000,16,8,34112
35000,23,65000,16,9,34111
35000,23,65000,16,10,36121
35000,23,65000,16,11,36112
35000,23,65000,16,12,36117
35000,23,65000,16,13,36112
35000,23,65000,16,14,36122
35000,23,65000,16,15,36183
35000,23,65000,16,16,36115
35000,23,65000,16,17,40119
35000,23,65000,16,18,38110
35000,23,65000,16,19,38105
35000,23,65000,16,20,48118
35000,23,65000,16,21,38110
35000,23,65000,16,22,38118
35000,23,65000,16,23,40172
35000,23,65000,16,24,40130
35000,23,65000,16,25,40117
35000,23,65000,16,26,40109
35000,23,65000,16,27,42115
35000,23,65000,16,28,42131
35000,23,65000,16,29,44119
35000,23,65000,16,30,44117
35000,23,65000,16,31,44126
35000,23,65000,16,32,44112
35000,23,65000,16,33,44124
35000,23,65000,16,34,46119
35000,23,65000,16,35,50116
35000,23,65000,16,36,46146
35000,23,65000,16,37,46122
35000,23,65000,16,38,48113
35000,23,65000,16,39,48120
35000,23,65000,16,40,48113
40000,22,40000,22,1,66106
40000,22,40000,22,2,44121
40000,22,40000,22,3,36110
40000,22,40000,22,4,32108
40000,22,40000,22,5,30115
40000,22,40000,22,6,30131
40000,22,40000,22,7,30121
40000,22,40000,22,8,30117
40000,22,40000,22,9,30117
40000,22,40000,22,10,32110
40000,22,40000,22,11,32124
40000,22,40000,22,12,32114
40000,22,40000,22,13,34178
40000,22,40000,22,14,32123
40000,22,40000,22,15,36119
40000,22,40000,22,16,34110
40000,22,40000,22,17,34124
40000,22,40000,22,18,34353
40000,22,40000,22,19,36120
40000,22,40000,22,20,36121
40000,22,40000,22,21,38111
40000,22,40000,22,22,38127
40000,22,40000,22,23,38115
40000,22,40000,22,24,38122
40000,22,40000,22,25,40111
40000,22,40000,22,26,40125
40000,22,40000,22,27,38112
40000,22,40000,22,28,40111
40000,22,40000,22,29,42124
40000,22,40000,22,30,40122
40000,22,40000,22,31,42126
40000,22,40000,22,32,42123
40000,22,40000,22,33,42115
40000,22,40000,22,34,44115
40000,22,40000,22,35,44133
40000,22,40000,22,36,46119
40000,22,40000,22,37,44127
40000,22,40000,22,38,46184
40000,22,40000,22,39,48116
40000,22,40000,22,40,46126
40000,22,45000,6,1,72127
40000,22,45000,6,2,44119
40000,22,45000,6,3,38179
40000,22,45000,6,4,38118
40000,22,45000,6,5,36120
40000,22,45000,6,6,34108
40000,22,45000,6,7,30125
40000,22,45000,6,8,34116
40000,22,45000,6,9,34129
40000,22,45000,6,10,34117
40000,22,45000,6,11,34110
40000,22,45000,6,12,34122
40000,22,45000,6,13,34125
40000,22,45000,6,14,34120
40000,22,45000,6,15,36116
40000,22,45000,6,16,34119
40000,22,45000,6,17,36122
40000,22,45000,6,18,34120
40000,22,45000,6,19,36109
40000,22,45000,6,20,36112
40000,22,45000,6,21,36119
40000,22,45000,6,22,36120
40000,22,45000,6,23,36110
40000,22,45000,6,24,38111
40000,22,45000,6,25,40122
40000,22,45000,6,26,38117
40000,22,45000,6,27,40113
40000,22,45000,6,28,40184
40000,22,45000,6,29,40100
40000,22,45000,6,30,44118
40000,22,45000,6,31,42132
40000,22,45000,6,32,42108
40000,22,45000,6,33,44108
40000,22,45000,6,34,44117
40000,22,45000,6,35,44108
40000,22,45000,6,36,44115
40000,22,45000,6,37,46108
40000,22,45000,6,38,46193
40000,22,45000,6,39,46120
40000,22,45000,6,40,46124
40000,22,50000,6,1,80130
40000,22,50000,6,2,50115
40000,22,50000,6,3,42122
40000,22,50000,6,4,38130
40000,22,50000,6,5,42122
40000,22,50000,6,6,34132
40000,22,50000,6,7,34116
40000,22,50000,6,8,36122
40000,22,50000,6,9,34115
40000,22,50000,6,10,34122
40000,22,50000,6,11,34113
40000,22,50000,6,12,36166
40000,22,50000,6,13,38112
40000,22,50000,6,14,36117
40000,22,50000,6,15,36108
40000,22,50000,6,16,36108
40000,22,50000,6,17,36115
40000,22,50000,6,18,38117
40000,22,50000,6,19,38110
40000,22,50000,6,20,36113
40000,22,50000,6,21,36116
40000,22,50000,6,22,36107
40000,22,50000,6,23,38106
40000,22,50000,6,24,40106
40000,22,50000,6,25,38123
40000,22,50000,6,26,40116
40000,22,50000,6,27,40117
40000,22,50000,6,28,42127
40000,22,50000,6,29,42113
40000,22,50000,6,30,42124
40000,22,50000,6,31,40132
40000,22,50000,6,32,44117
40000,22,50000,6,33,42122
40000,22,50000,6,34,44128
40000,22,50000,6,35,44116
40000,22,50000,6,36,46169
40000,22,50000,6,37,46119
40000,22,50000,6,38,46113
40000,22,50000,6,39,48670
40000,22,50000,6,40,48116
40000,22,55000,14,1,86122
40000,22,55000,14,2,52109
40000,22,55000,14,3,42119
40000,22,55000,14,4,38110
40000,22,55000,14,5,36105
40000,22,55000,14,6,34109
40000,22,55000,14,7,36122
40000,22,55000,14,8,34116
40000,22,55000,14,9,34106
40000,22,55000,14,10,34117
40000,22,55000,14,11,36168
40000,22,55000,14,12,36118
40000,22,55000,14,13,36107
40000,22,55000,14,14,38173
40000,22,55000,14,15,38122
40000,22,55000,14,16,38126
40000,22,55000,14,17,38124
40000,22,55000,14,18,40123
40000,22,55000,14,19,36115
40000,22,55000,14,20,40126
40000,22,55000,14,21,38126
40000,22,55000,14,22,38114
40000,22,55000,14,23,40118
40000,22,55000,14,24,40126
40000,22,55000,14,25,40114
40000,22,55000,14,26,42121
40000,22,55000,14,27,40131
40000,22,55000,14,28,42124
40000,22,55000,14,29,44116
40000,22,55000,14,30,42133
40000,22,55000,14,31,44119
40000,22,55000,14,32,44137
40000,22,55000,14,33,46112
40000,22,55000,14,34,46134
40000,22,55000,14,35,50126
40000,22,55000,14,36,46123
40000,22,55000,14,37,46122
40000,22,55000,14,38,48116
40000,22,55000,14,39,48129
40000,22,55000,14,40,48123
40000,22,60000,3,1,92118
40000,22,60000,3,2,68130
40000,22,60000,3,3,48126
40000,22,60000,3,4,44118
40000,22,60000,3,5,46125
40000,22,60000,3,6,46126
40000,22,60000,3,7,48121
40000,22,60000,3,8,46130
40000,22,60000,3,9,46117
40000,22,60000,3,10,48125
40000,22,60000,3,11,48732
40000,22,60000,3,12,48126
40000,22,60000,3,13,48124
40000,22,60000,3,14,48126
40000,22,60000,3,15,50127
40000,22,60000,3,16,48116
40000,22,60000,3,17,48123
40000,22,60000,3,18,50120
40000,22,60000,3,19,50122
40000,22,60000,3,20,48124
40000,22,60000,3,21,48118
40000,22,60000,3,22,50117
40000,22,60000,3,23,50125
40000,22,60000,3,24,50123
40000,22,60000,3,25,48123
40000,22,60000,3,26,50125
40000,22,60000,3,27,50176
40000,22,60000,3,28,50129
40000,22,60000,3,29,52118
40000,22,60000,3,30,52117
40000,22,60000,3,31,50125
40000,22,60000,3,32,52131
40000,22,60000,3,33,50116
40000,22,60000,3,34,52130
40000,22,60000,3,35,52119
40000,22,60000,3,36,52123
40000,22,60000,3,37,52115
40000,22,60000,3,38,52164
40000,22,60000,3,39,52120
40000,22,60000,3,40,52126
40000,22,65000,16,1,96119
40000,22,65000,16,2,58125
40000,22,65000,16,3,48125
40000,22,65000,16,4,40230
40000,22,65000,16,5,38114
40000,22,65000,16,6,36121
40000,22,65000,16,7,34115
40000,22,65000,16,8,34111
40000,22,65000,16,9,34397
40000,22,65000,16,10,36120
40000,22,65000,16,11,38130
40000,22,65000,16,12,40126
40000,22,65000,16,13,40113
40000,22,65000,16,14,40131
40000,22,65000,16,15,40115
40000,22,65000,16,16,40122
40000,22,65000,16,17,40129
40000,22,65000,16,18,42127
40000,22,65000,16,19,42121
40000,22,65000,16,20,42126
40000,22,65000,16,21,40111
40000,22,65000,16,22,42177
40000,22,65000,16,23,40116
40000,22,65000,16,24,42124
40000,22,65000,16,25,44180
40000,22,65000,16,26,44130
40000,22,65000,16,27,42147
40000,22,65000,16,28,44125
40000,22,65000,16,29,44172
40000,22,65000,16,30,46115
40000,22,65000,16,31,46109
40000,22,65000,16,32,48122
40000,22,65000,16,33,46123
40000,22,65000,16,34,48112
40000,22,65000,16,35,48112
40000,22,65000,16,36,48123
40000,22,65000,16,37,48119
40000,22,65000,16,38,48115
40000,22,65000,16,39,50108
40000,22,65000,16,40,50110
45000,6,45000,6,1,254125
45000,6,45000,6,2,140125
45000,6,45000,6,3,98126
45000,6,45000,6,4,96123
45000,6,45000,6,5,94124
45000,6,45000,6,6,64126
45000,6,45000,6,7,64115
45000,6,45000,6,8,62140
45000,6,45000,6,9,64129
45000,6,45000,6,10,62128
45000,6,45000,6,11,64127
45000,6,45000,6,12,64121
45000,6,45000,6,13,64141
45000,6,45000,6,14,64128
45000,6,45000,6,15,64130
45000,6,45000,6,16,64205
45000,6,45000,6,17,64117
45000,6,45000,6,18,66130
45000,6,45000,6,19,64127
45000,6,45000,6,20,66139
45000,6,45000,6,21,66144
45000,6,45000,6,22,68120
45000,6,45000,6,23,64126
45000,6,45000,6,24,66120
45000,6,45000,6,25,68152
45000,6,45000,6,26,68123
45000,6,45000,6,27,66423
45000,6,45000,6,28,70114
45000,6,45000,6,29,68131
45000,6,45000,6,30,68128
45000,6,45000,6,31,68128
45000,6,45000,6,32,72117
45000,6,45000,6,33,68127
45000,6,45000,6,34,70729
45000,6,45000,6,35,70307
45000,6,45000,6,36,70111
45000,6,45000,6,37,70236
45000,6,45000,6,38,68117
45000,6,45000,6,39,68129
45000,6,45000,6,40,78356
45000,6,50000,6,1,268140
45000,6,50000,6,2,150117
45000,6,50000,6,3,106125
45000,6,50000,6,4,106129
45000,6,50000,6,5,102130
45000,6,50000,6,6,66128
45000,6,50000,6,7,66960
45000,6,50000,6,8,70120
45000,6,50000,6,9,72127
45000,6,50000,6,10,68119
45000,6,50000,6,11,68118
45000,6,50000,6,12,76122
45000,6,50000,6,13,68116
45000,6,50000,6,14,70118
45000,6,50000,6,15,72114
45000,6,50000,6,16,70128
45000,6,50000,6,17,70116
45000,6,50000,6,18,70587
45000,6,50000,6,19,80125
45000,6,50000,6,20,68127
45000,6,50000,6,21,70118
45000,6,50000,6,22,70127
45000,6,50000,6,23,70126
45000,6,50000,6,24,70124
45000,6,50000,6,25,74128
45000,6,50000,6,26,72125
45000,6,50000,6,27,70128
45000,6,50000,6,28,74475
45000,6,50000,6,29,72130
45000,6,50000,6,30,70121
45000,6,50000,6,31,74126
45000,6,50000,6,32,74396
45000,6,50000,6,33,72125
45000,6,50000,6,34,72119
45000,6,50000,6,35,76121
45000,6,50000,6,36,74304
45000,6,50000,6,37,79311
45000,6,50000,6,38,74126
45000,6,50000,6,39,72127
45000,6,50000,6,40,78142
45000,6,55000,14,1,140511
45000,6,55000,14,2,78120
45000,6,55000,14,3,60119
45000,6,55000,14,4,58107
45000,6,55000,14,5,56118
45000,6,55000,14,6,42127
45000,6,55000,14,7,44115
45000,6,55000,14,8,44124
45000,6,55000,14,9,44113
45000,6,55000,14,10,44113
45000,6,55000,14,11,46115
45000,6,55000,14,12,46763
45000,6,55000,14,13,48129
45000,6,55000,14,14,46141
45000,6,55000,14,15,46124
45000,6,55000,14,16,46138
45000,6,55000,14,17,46125
45000,6,55000,14,18,46124
45000,6,55000,14,19,48123
45000,6,55000,14,20,46125
45000,6,55000,14,21,46119
45000,6,55000,14,22,48129
45000,6,55000,14,23,46146
45000,6,55000,14,24,48122
45000,6,55000,14,25,46124
45000,6,55000,14,26,48128
45000,6,55000,14,27,48124
45000,6,55000,14,28,48120
45000,6,55000,14,29,50139
45000,6,55000,14,30,48120
45000,6,55000,14,31,50114
45000,6,55000,14,32,50144
45000,6,55000,14,33,50125
45000,6,55000,14,34,50114
45000,6,55000,14,35,50118
45000,6,55000,14,36,50129
45000,6,55000,14,37,52113
45000,6,55000,14,38,54127
45000,6,55000,14,39,52132
45000,6,55000,14,40,52108
45000,6,60000,3,1,334142
45000,6,60000,3,2,228119
45000,6,60000,3,3,126121
45000,6,60000,3,4,126134
45000,6,60000,3,5,130126
45000,6,60000,3,6,122128
45000,6,60000,3,7,126114
45000,6,60000,3,8,124125
45000,6,60000,3,9,126118
45000,6,60000,3,10,126151
45000,6,60000,3,11,126125
45000,6,60000,3,12,128117
45000,6,60000,3,13,126124
45000,6,60000,3,14,128118
45000,6,60000,3,15,126127
45000,6,60000,3,16,128128
45000,6,60000,3,17,128124
45000,6,60000,3,18,130123
45000,6,60000,3,19,128119
45000,6,60000,3,20,126111
45000,6,60000,3,21,126124
45000,6,60000,3,22,128100
45000,6,60000,3,23,126113
45000,6,60000,3,24,126127
45000,6,60000,3,25,130297
45000,6,60000,3,26,130137
45000,6,60000,3,27,126135
45000,6,60000,3,28,132131
45000,6,60000,3,29,132126
45000,6,60000,3,30,128141
45000,6,60000,3,31,130125
45000,6,60000,3,32,132144
45000,6,60000,3,33,128131
45000,6,60000,3,34,142132
45000,6,60000,3,35,128120
45000,6,60000,3,36,132126
45000,6,60000,3,37,132130
45000,6,60000,3,38,132133
45000,6,60000,3,39,132135
45000,6,60000,3,40,132126
45000,6,65000,16,1,144132
45000,6,65000,16,2,80125
45000,6,65000,16,3,62114
45000,6,65000,16,4,60120
45000,6,65000,16,5,60128
45000,6,65000,16,6,44188
45000,6,65000,16,7,46124
45000,6,65000,16,8,46129
45000,6,65000,16,9,46122
45000,6,65000,16,10,44121
45000,6,65000,16,11,46125
45000,6,65000,16,12,46128
45000,6,65000,16,13,46112
45000,6,65000,16,14,46124
45000,6,65000,16,15,46122
45000,6,65000,16,16,46128
45000,6,65000,16,17,48110
45000,6,65000,16,18,48172
45000,6,65000,16,19,46122
45000,6,65000,16,20,46118
45000,6,65000,16,21,46116
45000,6,65000,16,22,50126
45000,6,65000,16,23,50124
45000,6,65000,16,24,48118
45000,6,65000,16,25,50188
45000,6,65000,16,26,50189
45000,6,65000,16,27,52124
45000,6,65000,16,28,50127
45000,6,65000,16,29,50117
45000,6,65000,16,30,50120
45000,6,65000,16,31,50129
45000,6,65000,16,32,50121
45000,6,65000,16,33,50122
45000,6,65000,16,34,52115
45000,6,65000,16,35,50123
45000,6,65000,16,36,52109
45000,6,65000,16,37,52120
45000,6,65000,16,38,52123
45000,6,65000,16,39,52116
45000,6,65000,16,40,54580
50000,6,50000,6,1,300144
50000,6,50000,6,2,164130
50000,6,50000,6,3,116130
50000,6,50000,6,4,118126
50000,6,50000,6,5,112130
50000,6,50000,6,6,70128
50000,6,50000,6,7,72198
50000,6,50000,6,8,70117
50000,6,50000,6,9,74331
50000,6,50000,6,10,74132
50000,6,50000,6,11,70129
50000,6,50000,6,12,72378
50000,6,50000,6,13,74121
50000,6,50000,6,14,76117
50000,6,50000,6,15,72614
50000,6,50000,6,16,74120
50000,6,50000,6,17,76182
50000,6,50000,6,18,74138
50000,6,50000,6,19,74132
50000,6,50000,6,20,74138
50000,6,50000,6,21,74142
50000,6,50000,6,22,76114
50000,6,50000,6,23,74118
50000,6,50000,6,24,74119
50000,6,50000,6,25,76129
50000,6,50000,6,26,74125
50000,6,50000,6,27,74130
50000,6,50000,6,28,76118
50000,6,50000,6,29,76124
50000,6,50000,6,30,76164
50000,6,50000,6,31,82227
50000,6,50000,6,32,76194
50000,6,50000,6,33,78117
50000,6,50000,6,34,78127
50000,6,50000,6,35,80486
50000,6,50000,6,36,76141
50000,6,50000,6,37,78289
50000,6,50000,6,38,80127
50000,6,50000,6,39,76114
50000,6,50000,6,40,78124
50000,6,55000,14,1,146139
50000,6,55000,14,2,86126
50000,6,55000,14,3,64120
50000,6,55000,14,4,66128
50000,6,55000,14,5,62132
50000,6,55000,14,6,46123
50000,6,55000,14,7,48130
50000,6,55000,14,8,46128
50000,6,55000,14,9,46124
50000,6,55000,14,10,46116
50000,6,55000,14,11,46126
50000,6,55000,14,12,48129
50000,6,55000,14,13,48117
50000,6,55000,14,14,46141
50000,6,55000,14,15,48132
50000,6,55000,14,16,46125
50000,6,55000,14,17,48124
50000,6,55000,14,18,48124
50000,6,55000,14,19,48112
50000,6,55000,14,20,50117
50000,6,55000,14,21,50129
50000,6,55000,14,22,50126
50000,6,55000,14,23,50117
50000,6,55000,14,24,50124
50000,6,55000,14,25,50124
50000,6,55000,14,26,50133
50000,6,55000,14,27,52118
50000,6,55000,14,28,50129
50000,6,55000,14,29,50128
50000,6,55000,14,30,50116
50000,6,55000,14,31,50119
50000,6,55000,14,32,50161
50000,6,55000,14,33,54119
50000,6,55000,14,34,52702
50000,6,55000,14,35,54118
50000,6,55000,14,36,54537
50000,6,55000,14,37,54130
50000,6,55000,14,38,52127
50000,6,55000,14,39,54124
50000,6,55000,14,40,54123
50000,6,60000,3,1,370156
50000,6,60000,3,2,244137
50000,6,60000,3,3,132127
50000,6,60000,3,4,140132
50000,6,60000,3,5,136453
50000,6,60000,3,6,142136
50000,6,60000,3,7,138126
50000,6,60000,3,8,146137
50000,6,60000,3,9,138128
50000,6,60000,3,10,142124
50000,6,60000,3,11,140126
50000,6,60000,3,12,138143
50000,6,60000,3,13,140116
50000,6,60000,3,14,138126
50000,6,60000,3,15,142124
50000,6,60000,3,16,140126
50000,6,60000,3,17,142113
50000,6,60000,3,18,140131
50000,6,60000,3,19,140124
50000,6,60000,3,20,142451
50000,6,60000,3,21,142124
50000,6,60000,3,22,142128
50000,6,60000,3,23,140131
50000,6,60000,3,24,140129
50000,6,60000,3,25,142122
50000,6,60000,3,26,142191
50000,6,60000,3,27,140128
50000,6,60000,3,28,142300
50000,6,60000,3,29,144127
50000,6,60000,3,30,142130
50000,6,60000,3,31,144127
50000,6,60000,3,32,140216
50000,6,60000,3,33,142131
50000,6,60000,3,34,142142
50000,6,60000,3,35,148131
50000,6,60000,3,36,142127
50000,6,60000,3,37,142118
50000,6,60000,3,38,144136
50000,6,60000,3,39,146126
50000,6,60000,3,40,146143
50000,6,65000,16,1,158127
50000,6,65000,16,2,88131
50000,6,65000,16,3,66127
50000,6,65000,16,4,66141
50000,6,65000,16,5,64126
50000,6,65000,16,6,48804
50000,6,65000,16,7,46128
50000,6,65000,16,8,50128
50000,6,65000,16,9,50120
50000,6,65000,16,10,48122
50000,6,65000,16,11,48122
50000,6,65000,16,12,48120
50000,6,65000,16,13,48117
50000,6,65000,16,14,50209
50000,6,65000,16,15,50138
50000,6,65000,16,16,50213
50000,6,65000,16,17,50128
50000,6,65000,16,18,48118
50000,6,65000,16,19,52332
50000,6,65000,16,20,50122
50000,6,65000,16,21,50120
50000,6,65000,16,22,48127
50000,6,65000,16,23,52109
50000,6,65000,16,24,50119
50000,6,65000,16,25,52218
50000,6,65000,16,26,54154
50000,6,65000,16,27,52136
50000,6,65000,16,28,52129
50000,6,65000,16,29,52126
50000,6,65000,16,30,52130
50000,6,65000,16,31,54123
50000,6,65000,16,32,52133
50000,6,65000,16,33,54134
50000,6,65000,16,34,52124
50000,6,65000,16,35,52122
50000,6,65000,16,36,54185
50000,6,65000,16,37,54498
50000,6,65000,16,38,54130
50000,6,65000,16,39,54114
50000,6,65000,16,40,56129
55000,14,55000,14,1,166133
55000,14,55000,14,2,92127
55000,14,55000,14,3,70129
55000,14,55000,14,4,62118
55000,14,55000,14,5,56126
55000,14,55000,14,6,52132
55000,14,55000,14,7,48116
55000,14,55000,14,8,46115
55000,14,55000,14,9,44126
55000,14,55000,14,10,48115
55000,14,55000,14,11,50652
55000,14,55000,14,12,48118
55000,14,55000,14,13,52127
55000,14,55000,14,14,54136
55000,14,55000,14,15,52127
55000,14,55000,14,16,50532
55000,14,55000,14,17,54115
55000,14,55000,14,18,50120
55000,14,55000,14,19,52126
55000,14,55000,14,20,52432
55000,14,55000,14,21,54128
55000,14,55000,14,22,52123
55000,14,55000,14,23,56126
55000,14,55000,14,24,52431
55000,14,55000,14,25,54464
55000,14,55000,14,26,52135
55000,14,55000,14,27,54125
55000,14,55000,14,28,52127
55000,14,55000,14,29,54131
55000,14,55000,14,30,54125
55000,14,55000,14,31,54119
55000,14,55000,14,32,56128
55000,14,55000,14,33,54157
55000,14,55000,14,34,54123
55000,14,55000,14,35,56136
55000,14,55000,14,36,58125
55000,14,55000,14,37,56132
55000,14,55000,14,38,58638
55000,14,55000,14,39,58123
55000,14,55000,14,40,58126
55000,14,60000,3,1,182137
55000,14,60000,3,2,124127
55000,14,60000,3,3,72110
55000,14,60000,3,4,72133
55000,14,60000,3,5,78101
55000,14,60000,3,6,74115
55000,14,60000,3,7,74119
55000,14,60000,3,8,76122
55000,14,60000,3,9,74125
55000,14,60000,3,10,76121
55000,14,60000,3,11,78129
55000,14,60000,3,12,76393
55000,14,60000,3,13,74118
55000,14,60000,3,14,78115
55000,14,60000,3,15,76560
55000,14,60000,3,16,78118
55000,14,60000,3,17,76116
55000,14,60000,3,18,82117
55000,14,60000,3,19,78185
55000,14,60000,3,20,78127
55000,14,60000,3,21,78120
55000,14,60000,3,22,78143
55000,14,60000,3,23,78129
55000,14,60000,3,24,76128
55000,14,60000,3,25,76119
55000,14,60000,3,26,76122
55000,14,60000,3,27,76112
55000,14,60000,3,28,78109
55000,14,60000,3,29,76130
55000,14,60000,3,30,80122
55000,14,60000,3,31,78303
55000,14,60000,3,32,76128
55000,14,60000,3,33,84123
55000,14,60000,3,34,78143
55000,14,60000,3,35,84126
55000,14,60000,3,36,80130
55000,14,60000,3,37,80132
55000,14,60000,3,38,78117
55000,14,60000,3,39,80129
55000,14,60000,3,40,80129
55000,14,65000,16,1,172131
55000,14,65000,16,2,94120
55000,14,65000,16,3,78118
55000,14,65000,16,4,64129
55000,14,65000,16,5,54122
55000,14,65000,16,6,52126
55000,14,65000,16,7,46354
55000,14,65000,16,8,46491
55000,14,65000,16,9,48127
55000,14,65000,16,10,46121
55000,14,65000,16,11,50116
55000,14,65000,16,12,50126
55000,14,65000,16,13,50118
55000,14,65000,16,14,52125
55000,14,65000,16,15,52111
55000,14,65000,16,16,50113
55000,14,65000,16,17,52130
55000,14,65000,16,18,52123
55000,14,65000,16,19,52178
55000,14,65000,16,20,52435
55000,14,65000,16,21,50298
55000,14,65000,16,22,52120
55000,14,65000,16,23,52123
55000,14,65000,16,24,52314
55000,14,65000,16,25,54216
55000,14,65000,16,26,54125
55000,14,65000,16,27,52136
55000,14,65000,16,28,54640
55000,14,65000,16,29,54440
55000,14,65000,16,30,54128
55000,14,65000,16,31,54128
55000,14,65000,16,32,52133
55000,14,65000,16,33,54124
55000,14,65000,16,34,56118
55000,14,65000,16,35,56122
55000,14,65000,16,36,58119
55000,14,65000,16,37,56131
55000,14,65000,16,38,56117
55000,14,65000,16,39,60127
55000,14,65000,16,40,60129
60000,3,60000,3,1,866164
60000,3,60000,3,2,590158
60000,3,60000,3,3,306157
60000,3,60000,3,4,314156
60000,3,60000,3,5,314136
60000,3,60000,3,6,314136
60000,3,60000,3,7,308134
60000,3,60000,3,8,313014
60000,3,60000,3,9,312143
60000,3,60000,3,10,316136
60000,3,60000,3,11,308241
60000,3,60000,3,12,312493
60000,3,60000,3,13,312142
60000,3,60000,3,14,320145
60000,3,60000,3,15,310144
60000,3,60000,3,16,314142
60000,3,60000,3,17,316141
60000,3,60000,3,18,322133
60000,3,60000,3,19,312137
60000,3,60000,3,20,304126
60000,3,60000,3,21,308125
60000,3,60000,3,22,316134
60000,3,60000,3,23,320134
60000,3,60000,3,24,322128
60000,3,60000,3,25,324187
60000,3,60000,3,26,316241
60000,3,60000,3,27,322130
60000,3,60000,3,28,314136
60000,3,60000,3,29,314138
60000,3,60000,3,30,316136
60000,3,60000,3,31,310140
60000,3,60000,3,32,325618
60000,3,60000,3,33,312143
60000,3,60000,3,34,312139
60000,3,60000,3,35,316143
60000,3,60000,3,36,320139
60000,3,60000,3,37,316134
60000,3,60000,3,38,310132
60000,3,60000,3,39,318137
60000,3,60000,3,40,314367
60000,3,65000,16,1,186129
60000,3,65000,16,2,130132
60000,3,65000,16,3,74128
60000,3,65000,16,4,76122
60000,3,65000,16,5,78130
60000,3,65000,16,6,76130
60000,3,65000,16,7,76109
60000,3,65000,16,8,76126
60000,3,65000,16,9,78129
60000,3,65000,16,10,76126
60000,3,65000,16,11,76130
60000,3,65000,16,12,74131
60000,3,65000,16,13,78122
60000,3,65000,16,14,76138
60000,3,65000,16,15,76121
60000,3,65000,16,16,78134
60000,3,65000,16,17,80194
60000,3,65000,16,18,78122
60000,3,65000,16,19,76320
60000,3,65000,16,20,80814
60000,3,65000,16,21,78123
60000,3,65000,16,22,78271
60000,3,65000,16,23,78119
60000,3,65000,16,24,78123
60000,3,65000,16,25,78772
60000,3,65000,16,26,78127
60000,3,65000,16,27,78130
60000,3,65000,16,28,78123
60000,3,65000,16,29,82128
60000,3,65000,16,30,80178
60000,3,65000,16,31,80128
60000,3,65000,16,32,82120
60000,3,65000,16,33,78122
60000,3,65000,16,34,80118
60000,3,65000,16,35,82131
60000,3,65000,16,36,80128
60000,3,65000,16,37,82314
60000,3,65000,16,38,80131
60000,3,65000,16,39,82130
60000,3,65000,16,40,78134
65000,16,65000,16,1,202135
65000,16,65000,16,2,110978
65000,16,65000,16,3,84124
65000,16,65000,16,4,66125
65000,16,65000,16,5,64142
65000,16,65000,16,6,54135
65000,16,65000,16,7,54121
65000,16,65000,16,8,48121
65000,16,65000,16,9,48124
65000,16,65000,16,10,48118
65000,16,65000,16,11,52118
65000,16,65000,16,12,56130
65000,16,65000,16,13,54135
65000,16,65000,16,14,54116
65000,16,65000,16,15,54134
65000,16,65000,16,16,56133
65000,16,65000,16,17,56120
65000,16,65000,16,18,54427
65000,16,65000,16,19,56134
65000,16,65000,16,20,54133
65000,16,65000,16,21,54129
65000,16,65000,16,22,56140
65000,16,65000,16,23,58511
65000,16,65000,16,24,58129
65000,16,65000,16,25,56117
65000,16,65000,16,26,58438
65000,16,65000,16,27,58134
65000,16,65000,16,28,56131
65000,16,65000,16,29,56129
65000,16,65000,16,30,58367
65000,16,65000,16,31,56724
65000,16,65000,16,32,58120
65000,16,65000,16,33,58131
65000,16,65000,16,34,56601
65000,16,65000,16,35,60127
65000,16,65000,16,36,60115
65000,16,65000,16,37,60141
65000,16,65000,16,38,64139
65000,16,65000,16,39,60126
65000,16,65000,16,40,62133
